k,city_id,cluster,distance_km
1,T00,0,142.284233
1,T01,0,155.119716
1,T02,0,128.044708
1,T03,0,144.413118
1,T10,0,26.276595
1,T11,0,21.621493
1,T12,0,41.202772
1,T13,0,57.010515
1,T20,0,189.029110
1,T21,0,165.424050
1,T22,0,173.807282
1,T23,0,188.751045
2,T00,0,64.564812
2,T01,0,76.263336
2,T02,0,51.583296
2,T03,0,70.529821
2,T10,0,76.788217
2,T11,0,57.338340
2,T12,0,38.548839
2,T13,0,80.766907
2,T20,1,10.251530
2,T21,1,14.775678
2,T22,1,19.003526
2,T23,1,11.444430
3,T00,2,3.164890
3,T01,2,26.925266
3,T02,2,12.672104
3,T03,2,19.623135
3,T10,0,19.320280
3,T11,0,14.520865
3,T12,0,20.367932
3,T13,0,39.157143
3,T20,1,10.251530
3,T21,1,14.775678
3,T22,1,19.003526
3,T23,1,11.444430
4,T00,2,3.164890
4,T01,2,26.925266
4,T02,2,12.672104
4,T03,2,19.623135
4,T10,0,3.652826
4,T11,3,13.169566
4,T12,3,6.727930
4,T13,0,27.255700
4,T20,1,10.251530
4,T21,1,14.775678
4,T22,1,19.003526
4,T23,1,11.444430
