by,group,method,test_records,mae_minutes
accept_hour,7,global_median,1817,97.405063
accept_hour,7,hour_median,1817,94.802422
accept_hour,8,global_median,5798,110.358572
accept_hour,8,hour_median,5798,105.817523
accept_hour,9,global_median,3589,106.472276
accept_hour,9,hour_median,3589,106.821399
accept_hour,10,global_median,577,104.201040
accept_hour,10,hour_median,577,105.779896
accept_hour,11,global_median,97,115.391753
accept_hour,11,hour_median,97,108.128866
accept_hour,12,global_median,98,116.969388
accept_hour,12,hour_median,98,83.622449
accept_hour,13,global_median,353,101.730878
accept_hour,13,hour_median,353,76.133144
accept_hour,14,global_median,256,102.742188
accept_hour,14,hour_median,256,69.998047
accept_hour,15,global_median,193,93.746114
accept_hour,15,hour_median,193,59.518135
accept_hour,16,global_median,135,95.377778
accept_hour,16,hour_median,135,62.585185
accept_hour,17,global_median,22,133.454545
accept_hour,17,hour_median,22,52.772727
accept_hour,18,global_median,3,163.000000
accept_hour,18,hour_median,3,66.166667
accept_hour,19,global_median,2,172.500000
accept_hour,19,hour_median,2,63.500000
accept_hour,22,global_median,1,166.000000
accept_hour,22,hour_median,1,166.000000
accept_date,2022-08-14,global_median,312,115.685897
accept_date,2022-08-14,hour_median,312,109.201923
accept_date,2022-08-15,global_median,228,103.052632
accept_date,2022-08-15,hour_median,228,98.250000
accept_date,2022-08-16,global_median,283,124.381625
accept_date,2022-08-16,hour_median,283,116.837456
accept_date,2022-08-17,global_median,210,107.642857
accept_date,2022-08-17,hour_median,210,105.509524
accept_date,2022-08-18,global_median,215,110.469767
accept_date,2022-08-18,hour_median,215,105.027907
accept_date,2022-08-19,global_median,266,120.139098
accept_date,2022-08-19,hour_median,266,112.086466
accept_date,2022-08-20,global_median,269,102.011152
accept_date,2022-08-20,hour_median,269,95.895911
accept_date,2022-08-21,global_median,273,97.025641
accept_date,2022-08-21,hour_median,273,94.505495
accept_date,2022-08-22,global_median,287,113.797909
accept_date,2022-08-22,hour_median,287,105.731707
accept_date,2022-08-23,global_median,250,97.800000
accept_date,2022-08-23,hour_median,250,95.872000
accept_date,2022-08-24,global_median,281,106.053381
accept_date,2022-08-24,hour_median,281,99.594306
accept_date,2022-08-25,global_median,255,118.050980
accept_date,2022-08-25,hour_median,255,110.756863
accept_date,2022-08-26,global_median,269,114.550186
accept_date,2022-08-26,hour_median,269,106.513011
accept_date,2022-08-27,global_median,302,118.983444
accept_date,2022-08-27,hour_median,302,110.519868
accept_date,2022-08-28,global_median,273,116.589744
accept_date,2022-08-28,hour_median,273,106.714286
accept_date,2022-08-29,global_median,278,106.161871
accept_date,2022-08-29,hour_median,278,101.593525
accept_date,2022-08-30,global_median,272,98.507353
accept_date,2022-08-30,hour_median,272,92.426471
accept_date,2022-08-31,global_median,313,119.776358
accept_date,2022-08-31,hour_median,313,113.062300
accept_date,2022-09-01,global_median,283,115.247350
accept_date,2022-09-01,hour_median,283,107.045936
accept_date,2022-09-02,global_median,321,103.059190
accept_date,2022-09-02,hour_median,321,97.280374
accept_date,2022-09-03,global_median,234,104.837607
accept_date,2022-09-03,hour_median,234,103.017094
accept_date,2022-09-04,global_median,224,115.022321
accept_date,2022-09-04,hour_median,224,104.924107
accept_date,2022-09-05,global_median,234,120.888889
accept_date,2022-09-05,hour_median,234,112.632479
accept_date,2022-09-06,global_median,298,121.258389
accept_date,2022-09-06,hour_median,298,111.892617
accept_date,2022-09-07,global_median,229,99.759825
accept_date,2022-09-07,hour_median,229,95.120087
accept_date,2022-09-08,global_median,233,93.210300
accept_date,2022-09-08,hour_median,233,85.892704
accept_date,2022-09-09,global_median,284,115.573944
accept_date,2022-09-09,hour_median,284,108.478873
accept_date,2022-09-10,global_median,210,98.595238
accept_date,2022-09-10,hour_median,210,91.926190
accept_date,2022-09-11,global_median,277,124.938628
accept_date,2022-09-11,hour_median,277,112.624549
accept_date,2022-09-12,global_median,231,118.558442
accept_date,2022-09-12,hour_median,231,112.069264
accept_date,2022-09-13,global_median,213,111.145540
accept_date,2022-09-13,hour_median,213,105.781690
accept_date,2022-09-14,global_median,268,104.451493
accept_date,2022-09-14,hour_median,268,100.520522
accept_date,2022-09-15,global_median,244,81.922131
accept_date,2022-09-15,hour_median,244,78.338115
accept_date,2022-09-16,global_median,243,93.888889
accept_date,2022-09-16,hour_median,243,89.374486
accept_date,2022-09-17,global_median,252,91.412698
accept_date,2022-09-17,hour_median,252,90.224206
accept_date,2022-09-18,global_median,231,83.874459
accept_date,2022-09-18,hour_median,231,85.859307
accept_date,2022-09-19,global_median,224,94.647321
accept_date,2022-09-19,hour_median,224,95.218750
accept_date,2022-09-20,global_median,214,91.196262
accept_date,2022-09-20,hour_median,214,97.567757
accept_date,2022-09-21,global_median,278,89.784173
accept_date,2022-09-21,hour_median,278,88.962230
accept_date,2022-09-22,global_median,252,94.250000
accept_date,2022-09-22,hour_median,252,94.916667
accept_date,2022-09-23,global_median,244,90.331967
accept_date,2022-09-23,hour_median,244,85.848361
accept_date,2022-09-24,global_median,275,96.090909
accept_date,2022-09-24,hour_median,275,93.329091
accept_date,2022-09-25,global_median,244,87.737705
accept_date,2022-09-25,hour_median,244,87.446721
accept_date,2022-09-26,global_median,192,93.687500
accept_date,2022-09-26,hour_median,192,91.020833
accept_date,2022-09-27,global_median,252,94.091270
accept_date,2022-09-27,hour_median,252,93.111111
accept_date,2022-09-28,global_median,261,108.279693
accept_date,2022-09-28,hour_median,261,103.754789
accept_date,2022-09-29,global_median,231,98.818182
accept_date,2022-09-29,hour_median,231,99.744589
accept_date,2022-09-30,global_median,222,95.058559
accept_date,2022-09-30,hour_median,222,89.283784
accept_date,2022-10-01,global_median,237,89.717300
accept_date,2022-10-01,hour_median,237,87.658228
accept_date,2022-10-02,global_median,155,116.574194
accept_date,2022-10-02,hour_median,155,113.000000
accept_date,2022-10-03,global_median,34,153.147059
accept_date,2022-10-03,hour_median,34,150.500000
accept_date,2022-10-04,global_median,49,174.857143
accept_date,2022-10-04,hour_median,49,169.081633
accept_date,2022-10-05,global_median,67,179.626866
accept_date,2022-10-05,hour_median,67,169.910448
accept_date,2022-10-06,global_median,55,157.927273
accept_date,2022-10-06,hour_median,55,151.709091
accept_date,2022-10-07,global_median,60,178.616667
accept_date,2022-10-07,hour_median,60,173.033333
accept_date,2022-10-08,global_median,50,146.600000
accept_date,2022-10-08,hour_median,50,138.380000
duration_band,over_360,global_median,1732,292.782333
duration_band,over_360,hour_median,1732,270.357679
duration_band,up_to_360,global_median,11209,77.774289
duration_band,up_to_360,hour_median,11209,75.565171
