window_start,date,method,actual,prediction
2022-08-14,2022-08-14,recent_mean,312,311.000000
2022-08-14,2022-08-15,recent_mean,228,311.000000
2022-08-14,2022-08-16,recent_mean,283,311.000000
2022-08-14,2022-08-17,recent_mean,210,311.000000
2022-08-14,2022-08-18,recent_mean,215,311.000000
2022-08-14,2022-08-19,recent_mean,266,311.000000
2022-08-14,2022-08-20,recent_mean,269,311.000000
2022-08-14,2022-08-21,recent_mean,273,311.000000
2022-08-14,2022-08-22,recent_mean,287,311.000000
2022-08-14,2022-08-23,recent_mean,250,311.000000
2022-08-14,2022-08-24,recent_mean,281,311.000000
2022-08-14,2022-08-25,recent_mean,255,311.000000
2022-08-14,2022-08-26,recent_mean,269,311.000000
2022-08-14,2022-08-27,recent_mean,302,311.000000
2022-08-14,2022-08-14,weekday_mean,312,221.500000
2022-08-14,2022-08-15,weekday_mean,228,253.250000
2022-08-14,2022-08-16,weekday_mean,283,237.500000
2022-08-14,2022-08-17,weekday_mean,210,302.750000
2022-08-14,2022-08-18,weekday_mean,215,270.500000
2022-08-14,2022-08-19,weekday_mean,266,248.000000
2022-08-14,2022-08-20,weekday_mean,269,257.000000
2022-08-14,2022-08-21,weekday_mean,273,221.500000
2022-08-14,2022-08-22,weekday_mean,287,253.250000
2022-08-14,2022-08-23,weekday_mean,250,237.500000
2022-08-14,2022-08-24,weekday_mean,281,302.750000
2022-08-14,2022-08-25,weekday_mean,255,270.500000
2022-08-14,2022-08-26,weekday_mean,269,248.000000
2022-08-14,2022-08-27,weekday_mean,302,257.000000
2022-08-14,2022-08-14,calendar_ridge,312,283.503622
2022-08-14,2022-08-15,calendar_ridge,228,330.874798
2022-08-14,2022-08-16,calendar_ridge,283,315.851607
2022-08-14,2022-08-17,calendar_ridge,210,332.552636
2022-08-14,2022-08-18,calendar_ridge,215,326.668111
2022-08-14,2022-08-19,calendar_ridge,266,310.166303
2022-08-14,2022-08-20,calendar_ridge,269,312.429926
2022-08-14,2022-08-21,calendar_ridge,273,306.977947
2022-08-14,2022-08-22,calendar_ridge,287,354.349122
2022-08-14,2022-08-23,calendar_ridge,250,339.325932
2022-08-14,2022-08-24,calendar_ridge,281,356.026961
2022-08-14,2022-08-25,calendar_ridge,255,350.142436
2022-08-14,2022-08-26,calendar_ridge,269,333.640627
2022-08-14,2022-08-27,calendar_ridge,302,335.904250
2022-08-14,2022-08-14,sequential_select,312,283.503622
2022-08-14,2022-08-15,sequential_select,228,330.874798
2022-08-14,2022-08-16,sequential_select,283,315.851607
2022-08-14,2022-08-17,sequential_select,210,332.552636
2022-08-14,2022-08-18,sequential_select,215,326.668111
2022-08-14,2022-08-19,sequential_select,266,310.166303
2022-08-14,2022-08-20,sequential_select,269,312.429926
2022-08-14,2022-08-21,sequential_select,273,306.977947
2022-08-14,2022-08-22,sequential_select,287,354.349122
2022-08-14,2022-08-23,sequential_select,250,339.325932
2022-08-14,2022-08-24,sequential_select,281,356.026961
2022-08-14,2022-08-25,sequential_select,255,350.142436
2022-08-14,2022-08-26,sequential_select,269,333.640627
2022-08-14,2022-08-27,sequential_select,302,335.904250
2022-08-28,2022-08-28,recent_mean,272,273.857143
2022-08-28,2022-08-29,recent_mean,279,273.857143
2022-08-28,2022-08-30,recent_mean,272,273.857143
2022-08-28,2022-08-31,recent_mean,313,273.857143
2022-08-28,2022-09-01,recent_mean,283,273.857143
2022-08-28,2022-09-02,recent_mean,321,273.857143
2022-08-28,2022-09-03,recent_mean,234,273.857143
2022-08-28,2022-09-04,recent_mean,224,273.857143
2022-08-28,2022-09-05,recent_mean,234,273.857143
2022-08-28,2022-09-06,recent_mean,298,273.857143
2022-08-28,2022-09-07,recent_mean,229,273.857143
2022-08-28,2022-09-08,recent_mean,233,273.857143
2022-08-28,2022-09-09,recent_mean,284,273.857143
2022-08-28,2022-09-10,recent_mean,210,273.857143
2022-08-28,2022-08-28,weekday_mean,272,250.750000
2022-08-28,2022-08-29,weekday_mean,279,261.250000
2022-08-28,2022-08-30,weekday_mean,272,250.000000
2022-08-28,2022-08-31,weekday_mean,313,289.000000
2022-08-28,2022-09-01,weekday_mean,283,270.500000
2022-08-28,2022-09-02,weekday_mean,321,265.500000
2022-08-28,2022-09-03,weekday_mean,234,272.750000
2022-08-28,2022-09-04,weekday_mean,224,250.750000
2022-08-28,2022-09-05,weekday_mean,234,261.250000
2022-08-28,2022-09-06,weekday_mean,298,250.000000
2022-08-28,2022-09-07,weekday_mean,229,289.000000
2022-08-28,2022-09-08,weekday_mean,233,270.500000
2022-08-28,2022-09-09,weekday_mean,284,265.500000
2022-08-28,2022-09-10,weekday_mean,210,272.750000
2022-08-28,2022-08-28,calendar_ridge,272,296.190006
2022-08-28,2022-08-29,calendar_ridge,279,325.447101
2022-08-28,2022-08-30,calendar_ridge,272,315.693206
2022-08-28,2022-08-31,calendar_ridge,313,322.944504
2022-08-28,2022-09-01,calendar_ridge,283,316.136540
2022-08-28,2022-09-02,calendar_ridge,321,309.328575
2022-08-28,2022-09-03,calendar_ridge,234,314.698829
2022-08-28,2022-09-04,calendar_ridge,224,312.959182
2022-08-28,2022-09-05,calendar_ridge,234,342.216276
2022-08-28,2022-09-06,calendar_ridge,298,332.462382
2022-08-28,2022-09-07,calendar_ridge,229,339.713680
2022-08-28,2022-09-08,calendar_ridge,233,332.905715
2022-08-28,2022-09-09,calendar_ridge,284,326.097751
2022-08-28,2022-09-10,calendar_ridge,210,331.468004
2022-08-28,2022-08-28,sequential_select,272,296.190006
2022-08-28,2022-08-29,sequential_select,279,325.447101
2022-08-28,2022-08-30,sequential_select,272,315.693206
2022-08-28,2022-08-31,sequential_select,313,322.944504
2022-08-28,2022-09-01,sequential_select,283,316.136540
2022-08-28,2022-09-02,sequential_select,321,309.328575
2022-08-28,2022-09-03,sequential_select,234,314.698829
2022-08-28,2022-09-04,sequential_select,224,312.959182
2022-08-28,2022-09-05,sequential_select,234,342.216276
2022-08-28,2022-09-06,sequential_select,298,332.462382
2022-08-28,2022-09-07,sequential_select,229,339.713680
2022-08-28,2022-09-08,sequential_select,233,332.905715
2022-08-28,2022-09-09,sequential_select,284,326.097751
2022-08-28,2022-09-10,sequential_select,210,331.468004
2022-09-11,2022-09-11,recent_mean,277,244.571429
2022-09-11,2022-09-12,recent_mean,231,244.571429
2022-09-11,2022-09-13,recent_mean,213,244.571429
2022-09-11,2022-09-14,recent_mean,268,244.571429
2022-09-11,2022-09-15,recent_mean,244,244.571429
2022-09-11,2022-09-16,recent_mean,243,244.571429
2022-09-11,2022-09-17,recent_mean,252,244.571429
2022-09-11,2022-09-18,recent_mean,231,244.571429
2022-09-11,2022-09-19,recent_mean,224,244.571429
2022-09-11,2022-09-20,recent_mean,214,244.571429
2022-09-11,2022-09-21,recent_mean,278,244.571429
2022-09-11,2022-09-22,recent_mean,252,244.571429
2022-09-11,2022-09-23,recent_mean,244,244.571429
2022-09-11,2022-09-24,recent_mean,274,244.571429
2022-09-11,2022-09-11,weekday_mean,277,270.250000
2022-09-11,2022-09-12,weekday_mean,231,257.000000
2022-09-11,2022-09-13,weekday_mean,213,275.750000
2022-09-11,2022-09-14,weekday_mean,268,258.250000
2022-09-11,2022-09-15,weekday_mean,244,246.500000
2022-09-11,2022-09-16,weekday_mean,243,285.000000
2022-09-11,2022-09-17,weekday_mean,252,253.750000
2022-09-11,2022-09-18,weekday_mean,231,270.250000
2022-09-11,2022-09-19,weekday_mean,224,257.000000
2022-09-11,2022-09-20,weekday_mean,214,275.750000
2022-09-11,2022-09-21,weekday_mean,278,258.250000
2022-09-11,2022-09-22,weekday_mean,252,246.500000
2022-09-11,2022-09-23,weekday_mean,244,285.000000
2022-09-11,2022-09-24,weekday_mean,274,253.750000
2022-09-11,2022-09-11,calendar_ridge,277,291.656621
2022-09-11,2022-09-12,calendar_ridge,231,317.167737
2022-09-11,2022-09-13,calendar_ridge,213,314.300475
2022-09-11,2022-09-14,calendar_ridge,268,316.326932
2022-09-11,2022-09-15,calendar_ridge,244,308.490022
2022-09-11,2022-09-16,calendar_ridge,243,310.157244
2022-09-11,2022-09-17,calendar_ridge,252,301.328599
2022-09-11,2022-09-18,calendar_ridge,231,303.793889
2022-09-11,2022-09-19,calendar_ridge,224,329.305005
2022-09-11,2022-09-20,calendar_ridge,214,326.437743
2022-09-11,2022-09-21,calendar_ridge,278,328.464200
2022-09-11,2022-09-22,calendar_ridge,252,320.627290
2022-09-11,2022-09-23,calendar_ridge,244,322.294513
2022-09-11,2022-09-24,calendar_ridge,274,313.465867
2022-09-11,2022-09-11,sequential_select,277,270.250000
2022-09-11,2022-09-12,sequential_select,231,257.000000
2022-09-11,2022-09-13,sequential_select,213,275.750000
2022-09-11,2022-09-14,sequential_select,268,258.250000
2022-09-11,2022-09-15,sequential_select,244,246.500000
2022-09-11,2022-09-16,sequential_select,243,285.000000
2022-09-11,2022-09-17,sequential_select,252,253.750000
2022-09-11,2022-09-18,sequential_select,231,270.250000
2022-09-11,2022-09-19,sequential_select,224,257.000000
2022-09-11,2022-09-20,sequential_select,214,275.750000
2022-09-11,2022-09-21,sequential_select,278,258.250000
2022-09-11,2022-09-22,sequential_select,252,246.500000
2022-09-11,2022-09-23,sequential_select,244,285.000000
2022-09-11,2022-09-24,sequential_select,274,253.750000
2022-09-25,2022-09-25,recent_mean,245,245.285714
2022-09-25,2022-09-26,recent_mean,192,245.285714
2022-09-25,2022-09-27,recent_mean,252,245.285714
2022-09-25,2022-09-28,recent_mean,261,245.285714
2022-09-25,2022-09-29,recent_mean,231,245.285714
2022-09-25,2022-09-30,recent_mean,222,245.285714
2022-09-25,2022-10-01,recent_mean,237,245.285714
2022-09-25,2022-10-02,recent_mean,155,245.285714
2022-09-25,2022-10-03,recent_mean,34,245.285714
2022-09-25,2022-10-04,recent_mean,49,245.285714
2022-09-25,2022-10-05,recent_mean,67,245.285714
2022-09-25,2022-10-06,recent_mean,55,245.285714
2022-09-25,2022-10-07,recent_mean,60,245.285714
2022-09-25,2022-10-08,recent_mean,50,245.285714
2022-09-25,2022-09-25,weekday_mean,245,251.000000
2022-09-25,2022-09-26,weekday_mean,192,242.000000
2022-09-25,2022-09-27,weekday_mean,252,249.250000
2022-09-25,2022-09-28,weekday_mean,261,272.000000
2022-09-25,2022-09-29,weekday_mean,231,253.000000
2022-09-25,2022-09-30,weekday_mean,222,273.000000
2022-09-25,2022-10-01,weekday_mean,237,242.500000
2022-09-25,2022-10-02,weekday_mean,155,251.000000
2022-09-25,2022-10-03,weekday_mean,34,242.000000
2022-09-25,2022-10-04,weekday_mean,49,249.250000
2022-09-25,2022-10-05,weekday_mean,67,272.000000
2022-09-25,2022-10-06,weekday_mean,55,253.000000
2022-09-25,2022-10-07,weekday_mean,60,273.000000
2022-09-25,2022-10-08,weekday_mean,50,242.500000
2022-09-25,2022-09-25,calendar_ridge,245,282.477201
2022-09-25,2022-09-26,calendar_ridge,192,300.043528
2022-09-25,2022-09-27,calendar_ridge,252,295.472451
2022-09-25,2022-09-28,calendar_ridge,261,304.916312
2022-09-25,2022-09-29,calendar_ridge,231,294.641056
2022-09-25,2022-09-30,calendar_ridge,222,295.429630
2022-09-25,2022-10-01,calendar_ridge,237,290.615367
2022-09-25,2022-10-02,calendar_ridge,155,290.799487
2022-09-25,2022-10-03,calendar_ridge,34,308.365814
2022-09-25,2022-10-04,calendar_ridge,49,303.794737
2022-09-25,2022-10-05,calendar_ridge,67,313.238599
2022-09-25,2022-10-06,calendar_ridge,55,302.963343
2022-09-25,2022-10-07,calendar_ridge,60,303.751917
2022-09-25,2022-10-08,calendar_ridge,50,298.937653
2022-09-25,2022-09-25,sequential_select,245,251.000000
2022-09-25,2022-09-26,sequential_select,192,242.000000
2022-09-25,2022-09-27,sequential_select,252,249.250000
2022-09-25,2022-09-28,sequential_select,261,272.000000
2022-09-25,2022-09-29,sequential_select,231,253.000000
2022-09-25,2022-09-30,sequential_select,222,273.000000
2022-09-25,2022-10-01,sequential_select,237,242.500000
2022-09-25,2022-10-02,sequential_select,155,251.000000
2022-09-25,2022-10-03,sequential_select,34,242.000000
2022-09-25,2022-10-04,sequential_select,49,249.250000
2022-09-25,2022-10-05,sequential_select,67,272.000000
2022-09-25,2022-10-06,sequential_select,55,253.000000
2022-09-25,2022-10-07,sequential_select,60,273.000000
2022-09-25,2022-10-08,sequential_select,50,242.500000
