window_start,window_end,method,mae_records_per_day
2022-08-14,2022-08-27,recent_mean,46.857143
2022-08-14,2022-08-27,weekday_mean,38.607143
2022-08-14,2022-08-27,calendar_ridge,67.529074
2022-08-14,2022-08-27,sequential_select,67.529074
2022-08-28,2022-09-10,recent_mean,29.836735
2022-08-28,2022-09-10,weekday_mean,33.750000
2022-08-28,2022-09-10,calendar_ridge,61.114614
2022-08-28,2022-09-10,sequential_select,61.114614
2022-09-11,2022-09-24,recent_mean,17.581633
2022-09-11,2022-09-24,weekday_mean,26.571429
2022-09-11,2022-09-24,calendar_ridge,68.486867
2022-09-11,2022-09-24,sequential_select,26.571429
2022-09-25,2022-10-08,recent_mean,97.775510
2022-09-25,2022-10-08,weekday_mean,104.357143
2022-09-25,2022-10-08,calendar_ridge,148.246221
2022-09-25,2022-10-08,sequential_select,104.357143
