radius_km,k,centers,city_coverage,demand_coverage,weighted_distance_km,weighted_squared_loss,squared_loss_increase_pct,is_pareto
3,3,P0|P1|P2,0.333333,0.434298,15.799555,228058.000000,1229.319189,False
3,3,P0|P1|P3,0.333333,0.438753,8.830735,82199.000000,379.126836,False
3,3,P0|P1|P4,0.333333,0.467706,5.409800,33863.000000,97.382840,False
3,3,P0|P1|P5,0.444444,0.505568,5.677060,35313.000000,105.834693,False
3,3,P0|P1|P6,0.444444,0.505568,6.318486,42279.000000,146.438564,False
3,3,P0|P1|P7,0.333333,0.318486,11.369710,96297.000000,461.302168,False
3,3,P0|P1|P8,0.333333,0.327394,14.309577,158873.000000,826.049196,False
3,3,P0|P2|P3,0.444444,0.574610,8.006682,79267.000000,362.036605,False
3,3,P0|P2|P4,0.444444,0.603563,4.585746,30931.000000,80.292609,False
3,3,P0|P2|P5,0.555556,0.641425,4.432071,26522.000000,54.593145,False
3,3,P0|P2|P6,0.555556,0.641425,4.652561,26495.000000,54.435766,False
3,3,P0|P2|P7,0.444444,0.454343,9.563474,77930.000000,354.243413,False
3,3,P0|P2|P8,0.444444,0.463252,11.657016,118846.000000,592.737235,False
3,3,P0|P3|P4,0.444444,0.608018,3.988864,25763.000000,50.169037,False
3,3,P0|P3|P5,0.555556,0.645880,3.554566,18078.000000,5.374213,False
3,3,P0|P3|P6,0.555556,0.645880,3.775056,18051.000000,5.216834,False
3,3,P0|P3|P7,0.444444,0.458797,6.743875,38966.000000,127.127536,False
3,3,P0|P3|P8,0.444444,0.467706,7.307350,48685.000000,183.778270,False
3,3,P0|P4|P5,0.555556,0.674833,4.391982,25250.000000,47.178830,False
3,3,P0|P4|P6,0.555556,0.674833,4.104677,22259.000000,29.744696,False
3,3,P0|P4|P7,0.444444,0.487751,4.545657,18413.000000,7.326883,False
3,3,P0|P4|P8,0.444444,0.496659,4.474388,18157.000000,5.834693,False
3,3,P0|P5|P6,0.444444,0.505568,5.412027,32970.000000,92.177664,False
3,3,P0|P5|P7,0.555556,0.525612,5.057906,25413.000000,48.128934,False
3,3,P0|P5|P8,0.555556,0.534521,4.986637,25157.000000,46.636745,False
3,3,P0|P6|P7,0.555556,0.525612,5.846325,35181.000000,105.065283,False
3,3,P0|P6|P8,0.555556,0.534521,5.775056,34925.000000,103.573094,False
3,3,P0|P7|P8,0.444444,0.347439,11.541203,99146.000000,477.908603,False
3,3,P1|P2|P3,0.444444,0.574610,8.051225,79287.000000,362.153183,False
3,3,P1|P2|P4,0.444444,0.603563,4.630290,30951.000000,80.409186,False
3,3,P1|P2|P5,0.555556,0.641425,4.476615,26542.000000,54.709723,False
3,3,P1|P2|P6,0.555556,0.641425,4.697105,26515.000000,54.552343,False
3,3,P1|P2|P7,0.444444,0.454343,9.608018,77950.000000,354.359991,False
3,3,P1|P2|P8,0.444444,0.463252,11.701559,118866.000000,592.853812,False
3,3,P1|P3|P4,0.444444,0.608018,3.897550,24868.000000,44.952203,False
3,3,P1|P3|P5,0.555556,0.645880,3.463252,17183.000000,0.157379,False
3,3,P1|P3|P6,0.555556,0.645880,3.683742,17156.000000,0.000000,True
3,3,P1|P3|P7,0.444444,0.458797,6.652561,38071.000000,121.910702,False
3,3,P1|P3|P8,0.444444,0.467706,7.216036,47790.000000,178.561436,False
3,3,P1|P4|P5,0.555556,0.674833,4.300668,24355.000000,41.961996,False
3,3,P1|P4|P6,0.555556,0.674833,4.013363,21364.000000,24.527862,True
3,3,P1|P4|P7,0.444444,0.487751,4.454343,17518.000000,2.110049,False
3,3,P1|P4|P8,0.444444,0.496659,4.383073,17262.000000,0.617860,False
3,3,P1|P5|P6,0.444444,0.505568,5.320713,32075.000000,86.960830,False
3,3,P1|P5|P7,0.555556,0.525612,4.966592,24518.000000,42.912101,False
3,3,P1|P5|P8,0.555556,0.534521,4.895323,24262.000000,41.419911,False
3,3,P1|P6|P7,0.555556,0.525612,5.755011,34286.000000,99.848450,False
3,3,P1|P6|P8,0.555556,0.534521,5.683742,34030.000000,98.356260,False
3,3,P1|P7|P8,0.444444,0.347439,11.309577,95542.000000,456.901376,False
3,3,P2|P3|P4,0.333333,0.445434,5.035635,29523.000000,72.085568,False
3,3,P2|P3|P5,0.444444,0.483296,4.601336,21838.000000,27.290744,False
3,3,P2|P3|P6,0.444444,0.483296,4.821826,21811.000000,27.133364,False
3,3,P2|P3|P7,0.333333,0.296214,7.790646,42726.000000,149.044066,False
3,3,P2|P3|P8,0.333333,0.305122,8.354120,52445.000000,205.694801,False
3,3,P2|P4|P5,0.444444,0.512249,5.438753,29010.000000,69.095360,False
3,3,P2|P4|P6,0.444444,0.512249,5.151448,26019.000000,51.661226,False
3,3,P2|P4|P7,0.333333,0.325167,5.592428,22173.000000,29.243413,False
3,3,P2|P4|P8,0.333333,0.334076,5.521158,21917.000000,27.751224,False
3,3,P2|P5|P6,0.333333,0.342984,6.037862,30871.000000,79.942877,False
3,3,P2|P5|P7,0.444444,0.363029,5.683742,23314.000000,35.894148,False
3,3,P2|P5|P8,0.444444,0.371938,5.612472,23058.000000,34.401958,False
3,3,P2|P6|P7,0.444444,0.363029,6.051225,26089.000000,52.069247,False
3,3,P2|P6|P8,0.444444,0.371938,5.979955,25833.000000,50.577058,False
3,3,P2|P7|P8,0.333333,0.184855,11.465479,84762.000000,394.066216,False
3,3,P3|P4|P5,0.444444,0.516704,9.835189,86578.000000,404.651434,False
3,3,P3|P4|P6,0.444444,0.516704,9.547884,83587.000000,387.217300,False
3,3,P3|P4|P7,0.333333,0.329621,9.988864,79741.000000,364.799487,False
3,3,P3|P4|P8,0.333333,0.338530,9.917595,79485.000000,363.307298,False
3,3,P3|P5|P6,0.333333,0.347439,10.153675,85163.000000,396.403591,False
3,3,P3|P5|P7,0.444444,0.367483,9.799555,77606.000000,352.354861,False
3,3,P3|P5|P8,0.444444,0.376392,9.728285,77350.000000,350.862672,False
3,3,P3|P6|P7,0.444444,0.367483,10.167038,80381.000000,368.529960,False
3,3,P3|P6|P8,0.444444,0.376392,10.095768,80125.000000,367.037771,False
3,3,P3|P7|P8,0.333333,0.189310,13.639198,108534.000000,532.629984,False
3,3,P4|P5|P6,0.333333,0.376392,16.202673,210295.000000,1125.781068,False
3,3,P4|P5|P7,0.444444,0.396437,15.848552,202738.000000,1081.732339,False
3,3,P4|P5|P8,0.444444,0.405345,15.777283,202482.000000,1080.240149,False
3,3,P4|P6|P7,0.444444,0.396437,15.708241,202549.000000,1080.630683,False
3,3,P4|P6|P8,0.444444,0.405345,15.636971,202293.000000,1079.138494,False
3,3,P4|P7|P8,0.333333,0.218263,16.652561,205941.000000,1100.402192,False
3,3,P5|P6|P7,0.333333,0.227171,19.187082,278985.000000,1526.165773,False
3,3,P5|P6|P8,0.333333,0.236080,19.115813,278729.000000,1524.673584,False
3,3,P5|P7|P8,0.444444,0.256125,19.336303,278666.000000,1524.306365,False
3,3,P6|P7|P8,0.444444,0.256125,21.427617,332549.000000,1838.383073,False
5,3,P0|P1|P2,0.333333,0.434298,15.799555,228058.000000,1229.319189,False
5,3,P0|P1|P3,0.333333,0.438753,8.830735,82199.000000,379.126836,False
5,3,P0|P1|P4,0.444444,0.547884,5.409800,33863.000000,97.382840,False
5,3,P0|P1|P5,0.555556,0.674833,5.677060,35313.000000,105.834693,False
5,3,P0|P1|P6,0.444444,0.505568,6.318486,42279.000000,146.438564,False
5,3,P0|P1|P7,0.333333,0.318486,11.369710,96297.000000,461.302168,False
5,3,P0|P1|P8,0.333333,0.327394,14.309577,158873.000000,826.049196,False
5,3,P0|P2|P3,0.444444,0.574610,8.006682,79267.000000,362.036605,False
5,3,P0|P2|P4,0.555556,0.683742,4.585746,30931.000000,80.292609,False
5,3,P0|P2|P5,0.666667,0.810690,4.432071,26522.000000,54.593145,False
5,3,P0|P2|P6,0.555556,0.641425,4.652561,26495.000000,54.435766,False
5,3,P0|P2|P7,0.444444,0.454343,9.563474,77930.000000,354.243413,False
5,3,P0|P2|P8,0.444444,0.463252,11.657016,118846.000000,592.737235,False
5,3,P0|P3|P4,0.555556,0.688196,3.988864,25763.000000,50.169037,False
5,3,P0|P3|P5,0.666667,0.815145,3.554566,18078.000000,5.374213,False
5,3,P0|P3|P6,0.555556,0.645880,3.775056,18051.000000,5.216834,False
5,3,P0|P3|P7,0.444444,0.458797,6.743875,38966.000000,127.127536,False
5,3,P0|P3|P8,0.444444,0.467706,7.307350,48685.000000,183.778270,False
5,3,P0|P4|P5,0.555556,0.674833,4.391982,25250.000000,47.178830,False
5,3,P0|P4|P6,0.555556,0.674833,4.104677,22259.000000,29.744696,False
5,3,P0|P4|P7,0.555556,0.567929,4.545657,18413.000000,7.326883,False
5,3,P0|P4|P8,0.555556,0.576837,4.474388,18157.000000,5.834693,False
5,3,P0|P5|P6,0.555556,0.674833,5.412027,32970.000000,92.177664,False
5,3,P0|P5|P7,0.666667,0.694878,5.057906,25413.000000,48.128934,False
5,3,P0|P5|P8,0.666667,0.703786,4.986637,25157.000000,46.636745,False
5,3,P0|P6|P7,0.555556,0.525612,5.846325,35181.000000,105.065283,False
5,3,P0|P6|P8,0.555556,0.534521,5.775056,34925.000000,103.573094,False
5,3,P0|P7|P8,0.444444,0.347439,11.541203,99146.000000,477.908603,False
5,3,P1|P2|P3,0.444444,0.574610,8.051225,79287.000000,362.153183,False
5,3,P1|P2|P4,0.555556,0.683742,4.630290,30951.000000,80.409186,False
5,3,P1|P2|P5,0.666667,0.810690,4.476615,26542.000000,54.709723,False
5,3,P1|P2|P6,0.555556,0.641425,4.697105,26515.000000,54.552343,False
5,3,P1|P2|P7,0.444444,0.454343,9.608018,77950.000000,354.359991,False
5,3,P1|P2|P8,0.444444,0.463252,11.701559,118866.000000,592.853812,False
5,3,P1|P3|P4,0.555556,0.688196,3.897550,24868.000000,44.952203,False
5,3,P1|P3|P5,0.666667,0.815145,3.463252,17183.000000,0.157379,True
5,3,P1|P3|P6,0.555556,0.645880,3.683742,17156.000000,0.000000,True
5,3,P1|P3|P7,0.444444,0.458797,6.652561,38071.000000,121.910702,False
5,3,P1|P3|P8,0.444444,0.467706,7.216036,47790.000000,178.561436,False
5,3,P1|P4|P5,0.555556,0.674833,4.300668,24355.000000,41.961996,False
5,3,P1|P4|P6,0.555556,0.674833,4.013363,21364.000000,24.527862,False
5,3,P1|P4|P7,0.555556,0.567929,4.454343,17518.000000,2.110049,False
5,3,P1|P4|P8,0.555556,0.576837,4.383073,17262.000000,0.617860,False
5,3,P1|P5|P6,0.555556,0.674833,5.320713,32075.000000,86.960830,False
5,3,P1|P5|P7,0.666667,0.694878,4.966592,24518.000000,42.912101,False
5,3,P1|P5|P8,0.666667,0.703786,4.895323,24262.000000,41.419911,False
5,3,P1|P6|P7,0.555556,0.525612,5.755011,34286.000000,99.848450,False
5,3,P1|P6|P8,0.555556,0.534521,5.683742,34030.000000,98.356260,False
5,3,P1|P7|P8,0.444444,0.347439,11.309577,95542.000000,456.901376,False
5,3,P2|P3|P4,0.444444,0.525612,5.035635,29523.000000,72.085568,False
5,3,P2|P3|P5,0.555556,0.652561,4.601336,21838.000000,27.290744,False
5,3,P2|P3|P6,0.444444,0.483296,4.821826,21811.000000,27.133364,False
5,3,P2|P3|P7,0.333333,0.296214,7.790646,42726.000000,149.044066,False
5,3,P2|P3|P8,0.333333,0.305122,8.354120,52445.000000,205.694801,False
5,3,P2|P4|P5,0.444444,0.512249,5.438753,29010.000000,69.095360,False
5,3,P2|P4|P6,0.444444,0.512249,5.151448,26019.000000,51.661226,False
5,3,P2|P4|P7,0.444444,0.405345,5.592428,22173.000000,29.243413,False
5,3,P2|P4|P8,0.444444,0.414254,5.521158,21917.000000,27.751224,False
5,3,P2|P5|P6,0.444444,0.512249,6.037862,30871.000000,79.942877,False
5,3,P2|P5|P7,0.555556,0.532294,5.683742,23314.000000,35.894148,False
5,3,P2|P5|P8,0.555556,0.541203,5.612472,23058.000000,34.401958,False
5,3,P2|P6|P7,0.444444,0.363029,6.051225,26089.000000,52.069247,False
5,3,P2|P6|P8,0.444444,0.371938,5.979955,25833.000000,50.577058,False
5,3,P2|P7|P8,0.333333,0.184855,11.465479,84762.000000,394.066216,False
5,3,P3|P4|P5,0.444444,0.516704,9.835189,86578.000000,404.651434,False
5,3,P3|P4|P6,0.444444,0.516704,9.547884,83587.000000,387.217300,False
5,3,P3|P4|P7,0.444444,0.409800,9.988864,79741.000000,364.799487,False
5,3,P3|P4|P8,0.444444,0.418708,9.917595,79485.000000,363.307298,False
5,3,P3|P5|P6,0.444444,0.516704,10.153675,85163.000000,396.403591,False
5,3,P3|P5|P7,0.555556,0.536748,9.799555,77606.000000,352.354861,False
5,3,P3|P5|P8,0.555556,0.545657,9.728285,77350.000000,350.862672,False
5,3,P3|P6|P7,0.444444,0.367483,10.167038,80381.000000,368.529960,False
5,3,P3|P6|P8,0.444444,0.376392,10.095768,80125.000000,367.037771,False
5,3,P3|P7|P8,0.333333,0.189310,13.639198,108534.000000,532.629984,False
5,3,P4|P5|P6,0.333333,0.376392,16.202673,210295.000000,1125.781068,False
5,3,P4|P5|P7,0.444444,0.396437,15.848552,202738.000000,1081.732339,False
5,3,P4|P5|P8,0.444444,0.405345,15.777283,202482.000000,1080.240149,False
5,3,P4|P6|P7,0.444444,0.396437,15.708241,202549.000000,1080.630683,False
5,3,P4|P6|P8,0.444444,0.405345,15.636971,202293.000000,1079.138494,False
5,3,P4|P7|P8,0.444444,0.298441,16.652561,205941.000000,1100.402192,False
5,3,P5|P6|P7,0.444444,0.396437,19.187082,278985.000000,1526.165773,False
5,3,P5|P6|P8,0.444444,0.405345,19.115813,278729.000000,1524.673584,False
5,3,P5|P7|P8,0.555556,0.425390,19.336303,278666.000000,1524.306365,False
5,3,P6|P7|P8,0.444444,0.256125,21.427617,332549.000000,1838.383073,False
7,3,P0|P1|P2,0.333333,0.434298,15.799555,228058.000000,1229.319189,False
7,3,P0|P1|P3,0.444444,0.574610,8.830735,82199.000000,379.126836,False
7,3,P0|P1|P4,0.555556,0.683742,5.409800,33863.000000,97.382840,False
7,3,P0|P1|P5,0.666667,0.810690,5.677060,35313.000000,105.834693,False
7,3,P0|P1|P6,0.555556,0.641425,6.318486,42279.000000,146.438564,False
7,3,P0|P1|P7,0.444444,0.454343,11.369710,96297.000000,461.302168,False
7,3,P0|P1|P8,0.444444,0.463252,14.309577,158873.000000,826.049196,False
7,3,P0|P2|P3,0.444444,0.574610,8.006682,79267.000000,362.036605,False
7,3,P0|P2|P4,0.555556,0.683742,4.585746,30931.000000,80.292609,False
7,3,P0|P2|P5,0.666667,0.810690,4.432071,26522.000000,54.593145,False
7,3,P0|P2|P6,0.555556,0.641425,4.652561,26495.000000,54.435766,False
7,3,P0|P2|P7,0.444444,0.454343,9.563474,77930.000000,354.243413,False
7,3,P0|P2|P8,0.444444,0.463252,11.657016,118846.000000,592.737235,False
7,3,P0|P3|P4,0.555556,0.688196,3.988864,25763.000000,50.169037,False
7,3,P0|P3|P5,0.666667,0.815145,3.554566,18078.000000,5.374213,False
7,3,P0|P3|P6,0.555556,0.645880,3.775056,18051.000000,5.216834,False
7,3,P0|P3|P7,0.444444,0.458797,6.743875,38966.000000,127.127536,False
7,3,P0|P3|P8,0.444444,0.467706,7.307350,48685.000000,183.778270,False
7,3,P0|P4|P5,0.555556,0.674833,4.391982,25250.000000,47.178830,False
7,3,P0|P4|P6,0.555556,0.674833,4.104677,22259.000000,29.744696,False
7,3,P0|P4|P7,0.555556,0.567929,4.545657,18413.000000,7.326883,False
7,3,P0|P4|P8,0.555556,0.576837,4.474388,18157.000000,5.834693,False
7,3,P0|P5|P6,0.555556,0.674833,5.412027,32970.000000,92.177664,False
7,3,P0|P5|P7,0.666667,0.694878,5.057906,25413.000000,48.128934,False
7,3,P0|P5|P8,0.666667,0.703786,4.986637,25157.000000,46.636745,False
7,3,P0|P6|P7,0.555556,0.525612,5.846325,35181.000000,105.065283,False
7,3,P0|P6|P8,0.555556,0.534521,5.775056,34925.000000,103.573094,False
7,3,P0|P7|P8,0.444444,0.347439,11.541203,99146.000000,477.908603,False
7,3,P1|P2|P3,0.444444,0.574610,8.051225,79287.000000,362.153183,False
7,3,P1|P2|P4,0.555556,0.683742,4.630290,30951.000000,80.409186,False
7,3,P1|P2|P5,0.666667,0.810690,4.476615,26542.000000,54.709723,False
7,3,P1|P2|P6,0.555556,0.641425,4.697105,26515.000000,54.552343,False
7,3,P1|P2|P7,0.444444,0.454343,9.608018,77950.000000,354.359991,False
7,3,P1|P2|P8,0.444444,0.463252,11.701559,118866.000000,592.853812,False
7,3,P1|P3|P4,0.666667,0.824053,3.897550,24868.000000,44.952203,False
7,3,P1|P3|P5,0.777778,0.951002,3.463252,17183.000000,0.157379,True
7,3,P1|P3|P6,0.666667,0.781737,3.683742,17156.000000,0.000000,True
7,3,P1|P3|P7,0.555556,0.594655,6.652561,38071.000000,121.910702,False
7,3,P1|P3|P8,0.555556,0.603563,7.216036,47790.000000,178.561436,False
7,3,P1|P4|P5,0.666667,0.810690,4.300668,24355.000000,41.961996,False
7,3,P1|P4|P6,0.666667,0.810690,4.013363,21364.000000,24.527862,False
7,3,P1|P4|P7,0.666667,0.703786,4.454343,17518.000000,2.110049,False
7,3,P1|P4|P8,0.666667,0.712695,4.383073,17262.000000,0.617860,False
7,3,P1|P5|P6,0.666667,0.810690,5.320713,32075.000000,86.960830,False
7,3,P1|P5|P7,0.777778,0.830735,4.966592,24518.000000,42.912101,False
7,3,P1|P5|P8,0.777778,0.839644,4.895323,24262.000000,41.419911,False
7,3,P1|P6|P7,0.666667,0.661470,5.755011,34286.000000,99.848450,False
7,3,P1|P6|P8,0.666667,0.670379,5.683742,34030.000000,98.356260,False
7,3,P1|P7|P8,0.555556,0.483296,11.309577,95542.000000,456.901376,False
7,3,P2|P3|P4,0.555556,0.652561,5.035635,29523.000000,72.085568,False
7,3,P2|P3|P5,0.666667,0.779510,4.601336,21838.000000,27.290744,False
7,3,P2|P3|P6,0.555556,0.610245,4.821826,21811.000000,27.133364,False
7,3,P2|P3|P7,0.444444,0.423163,7.790646,42726.000000,149.044066,False
7,3,P2|P3|P8,0.444444,0.432071,8.354120,52445.000000,205.694801,False
7,3,P2|P4|P5,0.555556,0.639198,5.438753,29010.000000,69.095360,False
7,3,P2|P4|P6,0.555556,0.639198,5.151448,26019.000000,51.661226,False
7,3,P2|P4|P7,0.555556,0.532294,5.592428,22173.000000,29.243413,False
7,3,P2|P4|P8,0.555556,0.541203,5.521158,21917.000000,27.751224,False
7,3,P2|P5|P6,0.555556,0.639198,6.037862,30871.000000,79.942877,False
7,3,P2|P5|P7,0.666667,0.659243,5.683742,23314.000000,35.894148,False
7,3,P2|P5|P8,0.666667,0.668151,5.612472,23058.000000,34.401958,False
7,3,P2|P6|P7,0.555556,0.489978,6.051225,26089.000000,52.069247,False
7,3,P2|P6|P8,0.555556,0.498886,5.979955,25833.000000,50.577058,False
7,3,P2|P7|P8,0.444444,0.311804,11.465479,84762.000000,394.066216,False
7,3,P3|P4|P5,0.444444,0.516704,9.835189,86578.000000,404.651434,False
7,3,P3|P4|P6,0.444444,0.516704,9.547884,83587.000000,387.217300,False
7,3,P3|P4|P7,0.444444,0.409800,9.988864,79741.000000,364.799487,False
7,3,P3|P4|P8,0.444444,0.418708,9.917595,79485.000000,363.307298,False
7,3,P3|P5|P6,0.444444,0.516704,10.153675,85163.000000,396.403591,False
7,3,P3|P5|P7,0.555556,0.536748,9.799555,77606.000000,352.354861,False
7,3,P3|P5|P8,0.555556,0.545657,9.728285,77350.000000,350.862672,False
7,3,P3|P6|P7,0.444444,0.367483,10.167038,80381.000000,368.529960,False
7,3,P3|P6|P8,0.444444,0.376392,10.095768,80125.000000,367.037771,False
7,3,P3|P7|P8,0.333333,0.189310,13.639198,108534.000000,532.629984,False
7,3,P4|P5|P6,0.333333,0.376392,16.202673,210295.000000,1125.781068,False
7,3,P4|P5|P7,0.444444,0.396437,15.848552,202738.000000,1081.732339,False
7,3,P4|P5|P8,0.444444,0.405345,15.777283,202482.000000,1080.240149,False
7,3,P4|P6|P7,0.444444,0.396437,15.708241,202549.000000,1080.630683,False
7,3,P4|P6|P8,0.444444,0.405345,15.636971,202293.000000,1079.138494,False
7,3,P4|P7|P8,0.444444,0.298441,16.652561,205941.000000,1100.402192,False
7,3,P5|P6|P7,0.444444,0.396437,19.187082,278985.000000,1526.165773,False
7,3,P5|P6|P8,0.444444,0.405345,19.115813,278729.000000,1524.673584,False
7,3,P5|P7|P8,0.555556,0.425390,19.336303,278666.000000,1524.306365,False
7,3,P6|P7|P8,0.444444,0.256125,21.427617,332549.000000,1838.383073,False
