radius_km,k,centers,city_coverage,demand_coverage,weighted_distance_km,weighted_squared_loss,squared_loss_increase_pct,is_pareto,policy,extra_loss_budget,covered_cities
3,3,P1|P3|P6,0.555556,0.645880,3.683742,17156.000000,0.000000,True,min_squared_loss,,P0|P1|P3|P5|P6
3,3,P1|P4|P6,0.555556,0.674833,4.013363,21364.000000,24.527862,True,max_city_coverage,,P0|P1|P4|P5|P6
3,3,P1|P4|P6,0.555556,0.674833,4.013363,21364.000000,24.527862,True,max_demand_coverage,,P0|P1|P4|P5|P6
3,3,P1|P3|P6,0.555556,0.645880,3.683742,17156.000000,0.000000,True,budgeted_demand_coverage,0,P0|P1|P3|P5|P6
3,3,P1|P3|P6,0.555556,0.645880,3.683742,17156.000000,0.000000,True,budgeted_demand_coverage,0.002,P0|P1|P3|P5|P6
3,3,P1|P3|P6,0.555556,0.645880,3.683742,17156.000000,0.000000,True,budgeted_demand_coverage,0.01,P0|P1|P3|P5|P6
5,3,P1|P3|P6,0.555556,0.645880,3.683742,17156.000000,0.000000,True,min_squared_loss,,P0|P1|P3|P5|P6
5,3,P1|P3|P5,0.666667,0.815145,3.463252,17183.000000,0.157379,True,max_city_coverage,,P0|P1|P3|P4|P5|P6
5,3,P1|P3|P5,0.666667,0.815145,3.463252,17183.000000,0.157379,True,max_demand_coverage,,P0|P1|P3|P4|P5|P6
5,3,P1|P3|P6,0.555556,0.645880,3.683742,17156.000000,0.000000,True,budgeted_demand_coverage,0,P0|P1|P3|P5|P6
5,3,P1|P3|P5,0.666667,0.815145,3.463252,17183.000000,0.157379,True,budgeted_demand_coverage,0.002,P0|P1|P3|P4|P5|P6
5,3,P1|P3|P5,0.666667,0.815145,3.463252,17183.000000,0.157379,True,budgeted_demand_coverage,0.01,P0|P1|P3|P4|P5|P6
7,3,P1|P3|P6,0.666667,0.781737,3.683742,17156.000000,0.000000,True,min_squared_loss,,P0|P1|P2|P3|P5|P6
7,3,P1|P3|P5,0.777778,0.951002,3.463252,17183.000000,0.157379,True,max_city_coverage,,P0|P1|P2|P3|P4|P5|P6
7,3,P1|P3|P5,0.777778,0.951002,3.463252,17183.000000,0.157379,True,max_demand_coverage,,P0|P1|P2|P3|P4|P5|P6
7,3,P1|P3|P6,0.666667,0.781737,3.683742,17156.000000,0.000000,True,budgeted_demand_coverage,0,P0|P1|P2|P3|P5|P6
7,3,P1|P3|P5,0.777778,0.951002,3.463252,17183.000000,0.157379,True,budgeted_demand_coverage,0.002,P0|P1|P2|P3|P4|P5|P6
7,3,P1|P3|P5,0.777778,0.951002,3.463252,17183.000000,0.157379,True,budgeted_demand_coverage,0.01,P0|P1|P2|P3|P4|P5|P6
