customer_id,orders,summed_quantity,business_volume,recency_days,cluster,volume_rule
C000,4,35,35,25,2,0
C001,5,39,39,18,2,0
C002,4,19,19,17,2,0
C003,5,19,19,17,2,0
C004,2,17,17,15,2,0
C005,5,29,29,22,2,0
C006,4,21,21,25,2,0
C007,3,22,22,19,2,0
C008,5,37,37,15,2,0
C009,2,21,21,27,2,0
C010,5,39,39,19,2,0
C011,3,17,17,16,2,0
C012,3,20,20,19,2,0
C013,5,23,23,20,2,0
C014,4,26,26,17,2,0
C015,4,27,27,27,2,0
C016,4,35,35,25,2,0
C017,3,26,26,26,2,0
C018,3,13,13,32,2,0
C019,3,16,16,30,2,0
C020,8,94,94,1,0,1
C021,11,144,144,2,0,1
C022,12,143,143,2,0,1
C023,13,160,160,1,0,1
C024,12,140,140,1,0,1
C025,14,160,160,2,0,1
C026,14,188,188,2,0,2
C027,9,117,117,1,0,1
C028,8,117,117,1,0,1
C029,14,163,163,1,0,1
C030,10,117,117,4,0,1
C031,15,157,157,1,0,1
C032,10,136,136,1,0,1
C033,11,118,118,1,0,1
C034,9,123,123,1,0,1
C035,13,125,125,1,0,1
C036,11,142,142,1,0,1
C037,10,105,105,2,0,1
C038,11,129,129,1,0,1
C039,9,115,115,2,0,1
C040,6,266,266,5,1,2
C041,7,344,344,5,1,2
C042,5,257,257,12,1,2
C043,8,388,388,4,1,2
C044,8,410,410,7,1,2
C045,9,475,475,5,1,2
C046,9,442,442,4,1,2
C047,9,458,458,4,1,2
C048,7,323,323,6,1,2
C049,8,389,389,4,1,2
C050,9,401,401,4,1,2
C051,4,203,203,6,1,2
C052,8,386,386,5,1,2
C053,4,203,203,12,1,2
C054,4,182,182,7,1,1
C055,8,393,393,4,1,2
C056,5,249,249,6,1,2
C057,6,312,312,5,1,2
C058,7,295,295,7,1,2
C059,7,337,337,7,1,2
