k,radius_km,city_coverage,demand_coverage,weighted_distance_km,weighted_squared_loss
1,100,0.333333,0.356734,113.812566,11854547.035644
1,270,1.000000,1.000000,113.812566,11854547.035644
1,540,1.000000,1.000000,113.812566,11854547.035644
2,100,1.000000,1.000000,46.456430,1946803.396490
2,270,1.000000,1.000000,46.456430,1946803.396490
2,540,1.000000,1.000000,46.456430,1946803.396490
3,100,1.000000,1.000000,16.193295,212776.055218
3,270,1.000000,1.000000,16.193295,212776.055218
3,540,1.000000,1.000000,16.193295,212776.055218
4,100,1.000000,1.000000,11.905540,131826.817364
4,270,1.000000,1.000000,11.905540,131826.817364
4,540,1.000000,1.000000,11.905540,131826.817364
