seed,customer_id,cluster
0,C000,0
0,C001,0
0,C002,2
0,C003,2
0,C004,2
0,C005,1
0,C006,0
0,C007,2
0,C008,1
0,C009,1
0,C010,2
0,C011,1
0,C012,2
0,C013,2
0,C014,1
0,C015,1
0,C016,1
0,C017,1
0,C018,1
0,C019,0
0,C020,0
0,C021,2
0,C022,1
0,C023,0
0,C024,2
0,C025,1
0,C026,0
0,C027,1
0,C028,0
0,C029,0
0,C030,2
0,C031,1
0,C032,1
0,C033,0
0,C034,1
0,C035,2
0,C036,2
0,C037,2
0,C038,1
0,C039,0
0,C040,2
0,C041,1
0,C042,2
0,C043,2
0,C044,2
0,C045,1
0,C046,1
0,C047,2
0,C048,1
0,C049,0
0,C050,1
0,C051,0
0,C052,1
0,C053,0
0,C054,0
0,C055,1
0,C056,1
0,C057,2
0,C058,1
0,C059,2
0,C060,2
0,C061,0
0,C062,0
0,C063,1
0,C064,2
0,C065,2
0,C066,2
0,C067,0
0,C068,1
0,C069,2
0,C070,2
0,C071,0
0,C072,2
0,C073,1
0,C074,1
0,C075,1
0,C076,1
0,C077,0
0,C078,1
0,C079,0
0,C080,1
0,C081,0
0,C082,1
0,C083,0
0,C084,2
0,C085,0
0,C086,1
0,C087,0
0,C088,1
0,C089,2
1,C000,1
1,C001,1
1,C002,0
1,C003,0
1,C004,0
1,C005,2
1,C006,1
1,C007,0
1,C008,2
1,C009,2
1,C010,0
1,C011,2
1,C012,0
1,C013,0
1,C014,2
1,C015,2
1,C016,2
1,C017,2
1,C018,2
1,C019,1
1,C020,1
1,C021,0
1,C022,2
1,C023,1
1,C024,0
1,C025,2
1,C026,1
1,C027,2
1,C028,1
1,C029,1
1,C030,0
1,C031,2
1,C032,2
1,C033,1
1,C034,2
1,C035,0
1,C036,0
1,C037,0
1,C038,2
1,C039,1
1,C040,0
1,C041,2
1,C042,0
1,C043,0
1,C044,0
1,C045,2
1,C046,2
1,C047,0
1,C048,2
1,C049,1
1,C050,2
1,C051,1
1,C052,2
1,C053,1
1,C054,1
1,C055,2
1,C056,2
1,C057,0
1,C058,2
1,C059,0
1,C060,0
1,C061,1
1,C062,1
1,C063,2
1,C064,0
1,C065,0
1,C066,0
1,C067,1
1,C068,2
1,C069,0
1,C070,0
1,C071,1
1,C072,0
1,C073,2
1,C074,2
1,C075,2
1,C076,2
1,C077,1
1,C078,2
1,C079,1
1,C080,2
1,C081,1
1,C082,2
1,C083,1
1,C084,0
1,C085,1
1,C086,2
1,C087,1
1,C088,2
1,C089,0
2,C000,0
2,C001,0
2,C002,2
2,C003,2
2,C004,2
2,C005,1
2,C006,0
2,C007,2
2,C008,1
2,C009,1
2,C010,2
2,C011,1
2,C012,2
2,C013,2
2,C014,1
2,C015,1
2,C016,1
2,C017,1
2,C018,1
2,C019,0
2,C020,0
2,C021,2
2,C022,1
2,C023,0
2,C024,2
2,C025,1
2,C026,0
2,C027,1
2,C028,0
2,C029,0
2,C030,2
2,C031,1
2,C032,1
2,C033,0
2,C034,1
2,C035,2
2,C036,2
2,C037,2
2,C038,1
2,C039,0
2,C040,2
2,C041,1
2,C042,2
2,C043,2
2,C044,2
2,C045,1
2,C046,1
2,C047,2
2,C048,1
2,C049,0
2,C050,1
2,C051,0
2,C052,1
2,C053,0
2,C054,0
2,C055,1
2,C056,1
2,C057,2
2,C058,1
2,C059,2
2,C060,2
2,C061,0
2,C062,0
2,C063,1
2,C064,2
2,C065,2
2,C066,2
2,C067,0
2,C068,1
2,C069,2
2,C070,2
2,C071,0
2,C072,2
2,C073,1
2,C074,1
2,C075,1
2,C076,1
2,C077,0
2,C078,1
2,C079,0
2,C080,1
2,C081,0
2,C082,1
2,C083,0
2,C084,2
2,C085,0
2,C086,1
2,C087,0
2,C088,1
2,C089,2
3,C000,0
3,C001,0
3,C002,0
3,C003,0
3,C004,1
3,C005,1
3,C006,0
3,C007,1
3,C008,2
3,C009,1
3,C010,0
3,C011,1
3,C012,0
3,C013,0
3,C014,1
3,C015,1
3,C016,1
3,C017,1
3,C018,1
3,C019,0
3,C020,0
3,C021,1
3,C022,2
3,C023,0
3,C024,0
3,C025,2
3,C026,0
3,C027,1
3,C028,0
3,C029,0
3,C030,1
3,C031,1
3,C032,2
3,C033,0
3,C034,1
3,C035,0
3,C036,0
3,C037,0
3,C038,1
3,C039,0
3,C040,0
3,C041,1
3,C042,0
3,C043,0
3,C044,0
3,C045,1
3,C046,1
3,C047,1
3,C048,1
3,C049,0
3,C050,1
3,C051,0
3,C052,1
3,C053,0
3,C054,0
3,C055,2
3,C056,1
3,C057,0
3,C058,1
3,C059,0
3,C060,0
3,C061,0
3,C062,0
3,C063,1
3,C064,0
3,C065,0
3,C066,0
3,C067,0
3,C068,1
3,C069,0
3,C070,0
3,C071,0
3,C072,0
3,C073,1
3,C074,1
3,C075,1
3,C076,2
3,C077,0
3,C078,1
3,C079,0
3,C080,1
3,C081,0
3,C082,2
3,C083,1
3,C084,0
3,C085,0
3,C086,1
3,C087,0
3,C088,2
3,C089,0
4,C000,0
4,C001,0
4,C002,2
4,C003,2
4,C004,2
4,C005,1
4,C006,0
4,C007,2
4,C008,1
4,C009,1
4,C010,2
4,C011,1
4,C012,2
4,C013,2
4,C014,1
4,C015,1
4,C016,1
4,C017,1
4,C018,1
4,C019,0
4,C020,0
4,C021,2
4,C022,1
4,C023,0
4,C024,2
4,C025,1
4,C026,0
4,C027,1
4,C028,0
4,C029,0
4,C030,2
4,C031,1
4,C032,1
4,C033,0
4,C034,1
4,C035,2
4,C036,2
4,C037,2
4,C038,1
4,C039,0
4,C040,2
4,C041,1
4,C042,2
4,C043,2
4,C044,2
4,C045,1
4,C046,1
4,C047,2
4,C048,1
4,C049,0
4,C050,1
4,C051,0
4,C052,1
4,C053,0
4,C054,0
4,C055,1
4,C056,1
4,C057,2
4,C058,1
4,C059,2
4,C060,2
4,C061,0
4,C062,0
4,C063,1
4,C064,2
4,C065,2
4,C066,2
4,C067,0
4,C068,1
4,C069,2
4,C070,2
4,C071,0
4,C072,2
4,C073,1
4,C074,1
4,C075,1
4,C076,1
4,C077,0
4,C078,1
4,C079,0
4,C080,1
4,C081,0
4,C082,1
4,C083,0
4,C084,2
4,C085,0
4,C086,1
4,C087,0
4,C088,1
4,C089,2
5,C000,0
5,C001,0
5,C002,0
5,C003,0
5,C004,1
5,C005,2
5,C006,0
5,C007,1
5,C008,2
5,C009,1
5,C010,0
5,C011,1
5,C012,0
5,C013,0
5,C014,2
5,C015,1
5,C016,2
5,C017,2
5,C018,2
5,C019,0
5,C020,0
5,C021,1
5,C022,2
5,C023,0
5,C024,0
5,C025,1
5,C026,0
5,C027,2
5,C028,0
5,C029,0
5,C030,1
5,C031,2
5,C032,2
5,C033,0
5,C034,1
5,C035,0
5,C036,0
5,C037,0
5,C038,1
5,C039,0
5,C040,0
5,C041,2
5,C042,0
5,C043,0
5,C044,0
5,C045,1
5,C046,2
5,C047,1
5,C048,1
5,C049,0
5,C050,1
5,C051,2
5,C052,2
5,C053,0
5,C054,0
5,C055,2
5,C056,2
5,C057,0
5,C058,2
5,C059,0
5,C060,0
5,C061,0
5,C062,0
5,C063,1
5,C064,0
5,C065,0
5,C066,0
5,C067,0
5,C068,1
5,C069,0
5,C070,0
5,C071,0
5,C072,0
5,C073,1
5,C074,1
5,C075,1
5,C076,1
5,C077,0
5,C078,2
5,C079,0
5,C080,1
5,C081,0
5,C082,1
5,C083,2
5,C084,0
5,C085,0
5,C086,2
5,C087,0
5,C088,1
5,C089,0
