period,customer_id,method,cluster
first,C000,kmeans_fixed,0
first,C001,kmeans_fixed,0
first,C002,kmeans_fixed,2
first,C003,kmeans_fixed,2
first,C004,kmeans_fixed,2
first,C005,kmeans_fixed,1
first,C006,kmeans_fixed,0
first,C007,kmeans_fixed,2
first,C008,kmeans_fixed,1
first,C009,kmeans_fixed,1
first,C010,kmeans_fixed,2
first,C011,kmeans_fixed,1
first,C012,kmeans_fixed,2
first,C013,kmeans_fixed,2
first,C014,kmeans_fixed,1
first,C015,kmeans_fixed,1
first,C016,kmeans_fixed,1
first,C017,kmeans_fixed,1
first,C018,kmeans_fixed,1
first,C019,kmeans_fixed,0
first,C020,kmeans_fixed,0
first,C021,kmeans_fixed,2
first,C022,kmeans_fixed,1
first,C023,kmeans_fixed,0
first,C024,kmeans_fixed,2
first,C025,kmeans_fixed,1
first,C026,kmeans_fixed,0
first,C027,kmeans_fixed,1
first,C028,kmeans_fixed,0
first,C029,kmeans_fixed,0
first,C030,kmeans_fixed,2
first,C031,kmeans_fixed,1
first,C032,kmeans_fixed,1
first,C033,kmeans_fixed,0
first,C034,kmeans_fixed,1
first,C035,kmeans_fixed,2
first,C036,kmeans_fixed,2
first,C037,kmeans_fixed,2
first,C038,kmeans_fixed,1
first,C039,kmeans_fixed,0
first,C040,kmeans_fixed,2
first,C041,kmeans_fixed,1
first,C042,kmeans_fixed,2
first,C043,kmeans_fixed,2
first,C044,kmeans_fixed,2
first,C045,kmeans_fixed,1
first,C046,kmeans_fixed,1
first,C047,kmeans_fixed,2
first,C048,kmeans_fixed,1
first,C049,kmeans_fixed,0
first,C050,kmeans_fixed,1
first,C051,kmeans_fixed,0
first,C052,kmeans_fixed,1
first,C053,kmeans_fixed,0
first,C054,kmeans_fixed,0
first,C055,kmeans_fixed,1
first,C056,kmeans_fixed,1
first,C057,kmeans_fixed,2
first,C058,kmeans_fixed,1
first,C059,kmeans_fixed,2
first,C060,kmeans_fixed,2
first,C061,kmeans_fixed,0
first,C062,kmeans_fixed,0
first,C063,kmeans_fixed,1
first,C064,kmeans_fixed,2
first,C065,kmeans_fixed,2
first,C066,kmeans_fixed,2
first,C067,kmeans_fixed,0
first,C068,kmeans_fixed,1
first,C069,kmeans_fixed,2
first,C070,kmeans_fixed,2
first,C071,kmeans_fixed,0
first,C072,kmeans_fixed,2
first,C073,kmeans_fixed,1
first,C074,kmeans_fixed,1
first,C075,kmeans_fixed,1
first,C076,kmeans_fixed,1
first,C077,kmeans_fixed,0
first,C078,kmeans_fixed,1
first,C079,kmeans_fixed,0
first,C080,kmeans_fixed,1
first,C081,kmeans_fixed,0
first,C082,kmeans_fixed,1
first,C083,kmeans_fixed,0
first,C084,kmeans_fixed,2
first,C085,kmeans_fixed,0
first,C086,kmeans_fixed,1
first,C087,kmeans_fixed,0
first,C088,kmeans_fixed,1
first,C089,kmeans_fixed,2
first,C000,kmeans_refit,0
first,C001,kmeans_refit,0
first,C002,kmeans_refit,2
first,C003,kmeans_refit,2
first,C004,kmeans_refit,2
first,C005,kmeans_refit,1
first,C006,kmeans_refit,0
first,C007,kmeans_refit,2
first,C008,kmeans_refit,1
first,C009,kmeans_refit,1
first,C010,kmeans_refit,2
first,C011,kmeans_refit,1
first,C012,kmeans_refit,2
first,C013,kmeans_refit,2
first,C014,kmeans_refit,1
first,C015,kmeans_refit,1
first,C016,kmeans_refit,1
first,C017,kmeans_refit,1
first,C018,kmeans_refit,1
first,C019,kmeans_refit,0
first,C020,kmeans_refit,0
first,C021,kmeans_refit,2
first,C022,kmeans_refit,1
first,C023,kmeans_refit,0
first,C024,kmeans_refit,2
first,C025,kmeans_refit,1
first,C026,kmeans_refit,0
first,C027,kmeans_refit,1
first,C028,kmeans_refit,0
first,C029,kmeans_refit,0
first,C030,kmeans_refit,2
first,C031,kmeans_refit,1
first,C032,kmeans_refit,1
first,C033,kmeans_refit,0
first,C034,kmeans_refit,1
first,C035,kmeans_refit,2
first,C036,kmeans_refit,2
first,C037,kmeans_refit,2
first,C038,kmeans_refit,1
first,C039,kmeans_refit,0
first,C040,kmeans_refit,2
first,C041,kmeans_refit,1
first,C042,kmeans_refit,2
first,C043,kmeans_refit,2
first,C044,kmeans_refit,2
first,C045,kmeans_refit,1
first,C046,kmeans_refit,1
first,C047,kmeans_refit,2
first,C048,kmeans_refit,1
first,C049,kmeans_refit,0
first,C050,kmeans_refit,1
first,C051,kmeans_refit,0
first,C052,kmeans_refit,1
first,C053,kmeans_refit,0
first,C054,kmeans_refit,0
first,C055,kmeans_refit,1
first,C056,kmeans_refit,1
first,C057,kmeans_refit,2
first,C058,kmeans_refit,1
first,C059,kmeans_refit,2
first,C060,kmeans_refit,2
first,C061,kmeans_refit,0
first,C062,kmeans_refit,0
first,C063,kmeans_refit,1
first,C064,kmeans_refit,2
first,C065,kmeans_refit,2
first,C066,kmeans_refit,2
first,C067,kmeans_refit,0
first,C068,kmeans_refit,1
first,C069,kmeans_refit,2
first,C070,kmeans_refit,2
first,C071,kmeans_refit,0
first,C072,kmeans_refit,2
first,C073,kmeans_refit,1
first,C074,kmeans_refit,1
first,C075,kmeans_refit,1
first,C076,kmeans_refit,1
first,C077,kmeans_refit,0
first,C078,kmeans_refit,1
first,C079,kmeans_refit,0
first,C080,kmeans_refit,1
first,C081,kmeans_refit,0
first,C082,kmeans_refit,1
first,C083,kmeans_refit,0
first,C084,kmeans_refit,2
first,C085,kmeans_refit,0
first,C086,kmeans_refit,1
first,C087,kmeans_refit,0
first,C088,kmeans_refit,1
first,C089,kmeans_refit,2
first,C000,volume_fixed,0
first,C001,volume_fixed,0
first,C002,volume_fixed,1
first,C003,volume_fixed,0
first,C004,volume_fixed,1
first,C005,volume_fixed,2
first,C006,volume_fixed,0
first,C007,volume_fixed,0
first,C008,volume_fixed,2
first,C009,volume_fixed,1
first,C010,volume_fixed,0
first,C011,volume_fixed,2
first,C012,volume_fixed,0
first,C013,volume_fixed,0
first,C014,volume_fixed,2
first,C015,volume_fixed,2
first,C016,volume_fixed,2
first,C017,volume_fixed,2
first,C018,volume_fixed,1
first,C019,volume_fixed,0
first,C020,volume_fixed,0
first,C021,volume_fixed,1
first,C022,volume_fixed,2
first,C023,volume_fixed,0
first,C024,volume_fixed,0
first,C025,volume_fixed,2
first,C026,volume_fixed,0
first,C027,volume_fixed,2
first,C028,volume_fixed,1
first,C029,volume_fixed,0
first,C030,volume_fixed,1
first,C031,volume_fixed,2
first,C032,volume_fixed,2
first,C033,volume_fixed,1
first,C034,volume_fixed,2
first,C035,volume_fixed,0
first,C036,volume_fixed,1
first,C037,volume_fixed,1
first,C038,volume_fixed,2
first,C039,volume_fixed,1
first,C040,volume_fixed,1
first,C041,volume_fixed,2
first,C042,volume_fixed,1
first,C043,volume_fixed,1
first,C044,volume_fixed,0
first,C045,volume_fixed,2
first,C046,volume_fixed,2
first,C047,volume_fixed,1
first,C048,volume_fixed,2
first,C049,volume_fixed,0
first,C050,volume_fixed,1
first,C051,volume_fixed,2
first,C052,volume_fixed,2
first,C053,volume_fixed,0
first,C054,volume_fixed,0
first,C055,volume_fixed,2
first,C056,volume_fixed,1
first,C057,volume_fixed,0
first,C058,volume_fixed,2
first,C059,volume_fixed,0
first,C060,volume_fixed,0
first,C061,volume_fixed,1
first,C062,volume_fixed,0
first,C063,volume_fixed,2
first,C064,volume_fixed,1
first,C065,volume_fixed,1
first,C066,volume_fixed,1
first,C067,volume_fixed,1
first,C068,volume_fixed,1
first,C069,volume_fixed,1
first,C070,volume_fixed,0
first,C071,volume_fixed,0
first,C072,volume_fixed,1
first,C073,volume_fixed,2
first,C074,volume_fixed,2
first,C075,volume_fixed,1
first,C076,volume_fixed,2
first,C077,volume_fixed,1
first,C078,volume_fixed,1
first,C079,volume_fixed,1
first,C080,volume_fixed,2
first,C081,volume_fixed,0
first,C082,volume_fixed,2
first,C083,volume_fixed,1
first,C084,volume_fixed,0
first,C085,volume_fixed,0
first,C086,volume_fixed,2
first,C087,volume_fixed,0
first,C088,volume_fixed,2
first,C089,volume_fixed,0
first,C000,volume_refit,0
first,C001,volume_refit,0
first,C002,volume_refit,1
first,C003,volume_refit,0
first,C004,volume_refit,1
first,C005,volume_refit,2
first,C006,volume_refit,0
first,C007,volume_refit,0
first,C008,volume_refit,2
first,C009,volume_refit,1
first,C010,volume_refit,0
first,C011,volume_refit,2
first,C012,volume_refit,0
first,C013,volume_refit,0
first,C014,volume_refit,2
first,C015,volume_refit,2
first,C016,volume_refit,2
first,C017,volume_refit,2
first,C018,volume_refit,1
first,C019,volume_refit,0
first,C020,volume_refit,0
first,C021,volume_refit,1
first,C022,volume_refit,2
first,C023,volume_refit,0
first,C024,volume_refit,0
first,C025,volume_refit,2
first,C026,volume_refit,0
first,C027,volume_refit,2
first,C028,volume_refit,1
first,C029,volume_refit,0
first,C030,volume_refit,1
first,C031,volume_refit,2
first,C032,volume_refit,2
first,C033,volume_refit,1
first,C034,volume_refit,2
first,C035,volume_refit,0
first,C036,volume_refit,1
first,C037,volume_refit,1
first,C038,volume_refit,2
first,C039,volume_refit,1
first,C040,volume_refit,1
first,C041,volume_refit,2
first,C042,volume_refit,1
first,C043,volume_refit,1
first,C044,volume_refit,0
first,C045,volume_refit,2
first,C046,volume_refit,2
first,C047,volume_refit,1
first,C048,volume_refit,2
first,C049,volume_refit,0
first,C050,volume_refit,1
first,C051,volume_refit,2
first,C052,volume_refit,2
first,C053,volume_refit,0
first,C054,volume_refit,0
first,C055,volume_refit,2
first,C056,volume_refit,1
first,C057,volume_refit,0
first,C058,volume_refit,2
first,C059,volume_refit,0
first,C060,volume_refit,0
first,C061,volume_refit,1
first,C062,volume_refit,0
first,C063,volume_refit,2
first,C064,volume_refit,1
first,C065,volume_refit,1
first,C066,volume_refit,1
first,C067,volume_refit,1
first,C068,volume_refit,1
first,C069,volume_refit,1
first,C070,volume_refit,0
first,C071,volume_refit,0
first,C072,volume_refit,1
first,C073,volume_refit,2
first,C074,volume_refit,2
first,C075,volume_refit,1
first,C076,volume_refit,2
first,C077,volume_refit,1
first,C078,volume_refit,1
first,C079,volume_refit,1
first,C080,volume_refit,2
first,C081,volume_refit,0
first,C082,volume_refit,2
first,C083,volume_refit,1
first,C084,volume_refit,0
first,C085,volume_refit,0
first,C086,volume_refit,2
first,C087,volume_refit,0
first,C088,volume_refit,2
first,C089,volume_refit,0
later,C000,kmeans_fixed,0
later,C001,kmeans_fixed,0
later,C002,kmeans_fixed,2
later,C003,kmeans_fixed,1
later,C004,kmeans_fixed,1
later,C005,kmeans_fixed,1
later,C006,kmeans_fixed,0
later,C007,kmeans_fixed,1
later,C008,kmeans_fixed,1
later,C009,kmeans_fixed,1
later,C010,kmeans_fixed,2
later,C011,kmeans_fixed,0
later,C012,kmeans_fixed,2
later,C013,kmeans_fixed,0
later,C014,kmeans_fixed,1
later,C015,kmeans_fixed,1
later,C016,kmeans_fixed,1
later,C017,kmeans_fixed,0
later,C018,kmeans_fixed,2
later,C019,kmeans_fixed,0
later,C020,kmeans_fixed,1
later,C021,kmeans_fixed,2
later,C022,kmeans_fixed,1
later,C023,kmeans_fixed,0
later,C024,kmeans_fixed,2
later,C025,kmeans_fixed,1
later,C026,kmeans_fixed,0
later,C027,kmeans_fixed,1
later,C028,kmeans_fixed,1
later,C029,kmeans_fixed,0
later,C030,kmeans_fixed,2
later,C031,kmeans_fixed,1
later,C032,kmeans_fixed,1
later,C033,kmeans_fixed,0
later,C034,kmeans_fixed,1
later,C035,kmeans_fixed,2
later,C036,kmeans_fixed,2
later,C037,kmeans_fixed,2
later,C038,kmeans_fixed,1
later,C039,kmeans_fixed,0
later,C040,kmeans_fixed,2
later,C041,kmeans_fixed,1
later,C042,kmeans_fixed,2
later,C043,kmeans_fixed,2
later,C044,kmeans_fixed,2
later,C045,kmeans_fixed,1
later,C046,kmeans_fixed,1
later,C047,kmeans_fixed,2
later,C048,kmeans_fixed,1
later,C049,kmeans_fixed,1
later,C050,kmeans_fixed,1
later,C051,kmeans_fixed,1
later,C052,kmeans_fixed,1
later,C053,kmeans_fixed,1
later,C054,kmeans_fixed,2
later,C055,kmeans_fixed,1
later,C056,kmeans_fixed,2
later,C057,kmeans_fixed,1
later,C058,kmeans_fixed,1
later,C059,kmeans_fixed,1
later,C060,kmeans_fixed,0
later,C061,kmeans_fixed,0
later,C062,kmeans_fixed,0
later,C063,kmeans_fixed,1
later,C064,kmeans_fixed,2
later,C065,kmeans_fixed,2
later,C066,kmeans_fixed,2
later,C067,kmeans_fixed,1
later,C068,kmeans_fixed,1
later,C069,kmeans_fixed,2
later,C070,kmeans_fixed,2
later,C071,kmeans_fixed,0
later,C072,kmeans_fixed,2
later,C073,kmeans_fixed,1
later,C074,kmeans_fixed,1
later,C075,kmeans_fixed,1
later,C076,kmeans_fixed,1
later,C077,kmeans_fixed,0
later,C078,kmeans_fixed,0
later,C079,kmeans_fixed,0
later,C080,kmeans_fixed,1
later,C081,kmeans_fixed,0
later,C082,kmeans_fixed,0
later,C083,kmeans_fixed,1
later,C084,kmeans_fixed,2
later,C085,kmeans_fixed,0
later,C086,kmeans_fixed,1
later,C087,kmeans_fixed,0
later,C088,kmeans_fixed,1
later,C089,kmeans_fixed,2
later,C000,kmeans_refit,0
later,C001,kmeans_refit,0
later,C002,kmeans_refit,0
later,C003,kmeans_refit,1
later,C004,kmeans_refit,1
later,C005,kmeans_refit,1
later,C006,kmeans_refit,0
later,C007,kmeans_refit,1
later,C008,kmeans_refit,1
later,C009,kmeans_refit,1
later,C010,kmeans_refit,0
later,C011,kmeans_refit,0
later,C012,kmeans_refit,0
later,C013,kmeans_refit,0
later,C014,kmeans_refit,1
later,C015,kmeans_refit,1
later,C016,kmeans_refit,1
later,C017,kmeans_refit,0
later,C018,kmeans_refit,2
later,C019,kmeans_refit,0
later,C020,kmeans_refit,1
later,C021,kmeans_refit,0
later,C022,kmeans_refit,1
later,C023,kmeans_refit,0
later,C024,kmeans_refit,2
later,C025,kmeans_refit,2
later,C026,kmeans_refit,0
later,C027,kmeans_refit,1
later,C028,kmeans_refit,1
later,C029,kmeans_refit,0
later,C030,kmeans_refit,2
later,C031,kmeans_refit,1
later,C032,kmeans_refit,1
later,C033,kmeans_refit,0
later,C034,kmeans_refit,1
later,C035,kmeans_refit,0
later,C036,kmeans_refit,0
later,C037,kmeans_refit,2
later,C038,kmeans_refit,1
later,C039,kmeans_refit,0
later,C040,kmeans_refit,2
later,C041,kmeans_refit,1
later,C042,kmeans_refit,2
later,C043,kmeans_refit,2
later,C044,kmeans_refit,2
later,C045,kmeans_refit,1
later,C046,kmeans_refit,1
later,C047,kmeans_refit,2
later,C048,kmeans_refit,1
later,C049,kmeans_refit,1
later,C050,kmeans_refit,1
later,C051,kmeans_refit,1
later,C052,kmeans_refit,1
later,C053,kmeans_refit,1
later,C054,kmeans_refit,0
later,C055,kmeans_refit,1
later,C056,kmeans_refit,0
later,C057,kmeans_refit,1
later,C058,kmeans_refit,1
later,C059,kmeans_refit,1
later,C060,kmeans_refit,0
later,C061,kmeans_refit,0
later,C062,kmeans_refit,0
later,C063,kmeans_refit,1
later,C064,kmeans_refit,2
later,C065,kmeans_refit,2
later,C066,kmeans_refit,2
later,C067,kmeans_refit,1
later,C068,kmeans_refit,1
later,C069,kmeans_refit,2
later,C070,kmeans_refit,2
later,C071,kmeans_refit,0
later,C072,kmeans_refit,2
later,C073,kmeans_refit,1
later,C074,kmeans_refit,1
later,C075,kmeans_refit,1
later,C076,kmeans_refit,1
later,C077,kmeans_refit,0
later,C078,kmeans_refit,2
later,C079,kmeans_refit,0
later,C080,kmeans_refit,1
later,C081,kmeans_refit,0
later,C082,kmeans_refit,0
later,C083,kmeans_refit,0
later,C084,kmeans_refit,2
later,C085,kmeans_refit,0
later,C086,kmeans_refit,1
later,C087,kmeans_refit,0
later,C088,kmeans_refit,1
later,C089,kmeans_refit,2
later,C000,volume_fixed,0
later,C001,volume_fixed,0
later,C002,volume_fixed,0
later,C003,volume_fixed,2
later,C004,volume_fixed,2
later,C005,volume_fixed,2
later,C006,volume_fixed,0
later,C007,volume_fixed,2
later,C008,volume_fixed,2
later,C009,volume_fixed,1
later,C010,volume_fixed,0
later,C011,volume_fixed,1
later,C012,volume_fixed,0
later,C013,volume_fixed,0
later,C014,volume_fixed,2
later,C015,volume_fixed,2
later,C016,volume_fixed,2
later,C017,volume_fixed,2
later,C018,volume_fixed,2
later,C019,volume_fixed,0
later,C020,volume_fixed,1
later,C021,volume_fixed,0
later,C022,volume_fixed,2
later,C023,volume_fixed,0
later,C024,volume_fixed,0
later,C025,volume_fixed,2
later,C026,volume_fixed,0
later,C027,volume_fixed,2
later,C028,volume_fixed,1
later,C029,volume_fixed,0
later,C030,volume_fixed,1
later,C031,volume_fixed,2
later,C032,volume_fixed,1
later,C033,volume_fixed,1
later,C034,volume_fixed,2
later,C035,volume_fixed,0
later,C036,volume_fixed,1
later,C037,volume_fixed,0
later,C038,volume_fixed,2
later,C039,volume_fixed,2
later,C040,volume_fixed,1
later,C041,volume_fixed,2
later,C042,volume_fixed,1
later,C043,volume_fixed,1
later,C044,volume_fixed,0
later,C045,volume_fixed,2
later,C046,volume_fixed,2
later,C047,volume_fixed,1
later,C048,volume_fixed,2
later,C049,volume_fixed,2
later,C050,volume_fixed,1
later,C051,volume_fixed,2
later,C052,volume_fixed,2
later,C053,volume_fixed,1
later,C054,volume_fixed,0
later,C055,volume_fixed,2
later,C056,volume_fixed,1
later,C057,volume_fixed,2
later,C058,volume_fixed,2
later,C059,volume_fixed,1
later,C060,volume_fixed,0
later,C061,volume_fixed,2
later,C062,volume_fixed,0
later,C063,volume_fixed,1
later,C064,volume_fixed,2
later,C065,volume_fixed,1
later,C066,volume_fixed,1
later,C067,volume_fixed,2
later,C068,volume_fixed,1
later,C069,volume_fixed,1
later,C070,volume_fixed,0
later,C071,volume_fixed,0
later,C072,volume_fixed,1
later,C073,volume_fixed,2
later,C074,volume_fixed,2
later,C075,volume_fixed,2
later,C076,volume_fixed,2
later,C077,volume_fixed,1
later,C078,volume_fixed,2
later,C079,volume_fixed,1
later,C080,volume_fixed,2
later,C081,volume_fixed,0
later,C082,volume_fixed,0
later,C083,volume_fixed,2
later,C084,volume_fixed,1
later,C085,volume_fixed,0
later,C086,volume_fixed,2
later,C087,volume_fixed,1
later,C088,volume_fixed,2
later,C089,volume_fixed,0
later,C000,volume_refit,0
later,C001,volume_refit,0
later,C002,volume_refit,0
later,C003,volume_refit,2
later,C004,volume_refit,2
later,C005,volume_refit,2
later,C006,volume_refit,0
later,C007,volume_refit,2
later,C008,volume_refit,2
later,C009,volume_refit,1
later,C010,volume_refit,0
later,C011,volume_refit,1
later,C012,volume_refit,0
later,C013,volume_refit,0
later,C014,volume_refit,1
later,C015,volume_refit,2
later,C016,volume_refit,2
later,C017,volume_refit,1
later,C018,volume_refit,2
later,C019,volume_refit,0
later,C020,volume_refit,1
later,C021,volume_refit,0
later,C022,volume_refit,2
later,C023,volume_refit,0
later,C024,volume_refit,0
later,C025,volume_refit,2
later,C026,volume_refit,0
later,C027,volume_refit,2
later,C028,volume_refit,1
later,C029,volume_refit,0
later,C030,volume_refit,1
later,C031,volume_refit,2
later,C032,volume_refit,1
later,C033,volume_refit,0
later,C034,volume_refit,2
later,C035,volume_refit,0
later,C036,volume_refit,1
later,C037,volume_refit,0
later,C038,volume_refit,2
later,C039,volume_refit,1
later,C040,volume_refit,1
later,C041,volume_refit,2
later,C042,volume_refit,1
later,C043,volume_refit,0
later,C044,volume_refit,0
later,C045,volume_refit,2
later,C046,volume_refit,2
later,C047,volume_refit,1
later,C048,volume_refit,2
later,C049,volume_refit,1
later,C050,volume_refit,1
later,C051,volume_refit,2
later,C052,volume_refit,1
later,C053,volume_refit,1
later,C054,volume_refit,0
later,C055,volume_refit,2
later,C056,volume_refit,1
later,C057,volume_refit,2
later,C058,volume_refit,2
later,C059,volume_refit,0
later,C060,volume_refit,0
later,C061,volume_refit,1
later,C062,volume_refit,0
later,C063,volume_refit,1
later,C064,volume_refit,2
later,C065,volume_refit,1
later,C066,volume_refit,0
later,C067,volume_refit,2
later,C068,volume_refit,1
later,C069,volume_refit,1
later,C070,volume_refit,0
later,C071,volume_refit,0
later,C072,volume_refit,1
later,C073,volume_refit,1
later,C074,volume_refit,2
later,C075,volume_refit,1
later,C076,volume_refit,2
later,C077,volume_refit,1
later,C078,volume_refit,2
later,C079,volume_refit,1
later,C080,volume_refit,2
later,C081,volume_refit,0
later,C082,volume_refit,0
later,C083,volume_refit,1
later,C084,volume_refit,0
later,C085,volume_refit,0
later,C086,volume_refit,2
later,C087,volume_refit,1
later,C088,volume_refit,2
later,C089,volume_refit,0
