period,customer_id,orders,business_volume,recency_days,designed_large_change
first,C000,9.000000,48.575615,4.000000,0
first,C001,14.000000,62.861090,12.000000,0
first,C002,8.000000,116.631457,23.000000,1
first,C003,7.000000,55.238642,23.000000,1
first,C004,20.000000,91.125498,27.000000,1
first,C005,18.000000,133.615443,13.000000,1
first,C006,7.000000,29.813402,11.000000,0
first,C007,20.000000,44.444058,22.000000,1
first,C008,20.000000,250.677049,4.000000,0
first,C009,21.000000,101.997106,17.000000,0
first,C010,10.000000,50.993708,16.000000,0
first,C011,20.000000,146.314279,18.000000,1
first,C012,11.000000,64.140819,18.000000,0
first,C013,11.000000,49.621300,17.000000,0
first,C014,21.000000,125.529028,12.000000,0
first,C015,16.000000,132.809891,18.000000,0
first,C016,20.000000,144.730947,12.000000,0
first,C017,18.000000,131.314658,10.000000,0
first,C018,23.000000,98.421738,11.000000,1
first,C019,7.000000,64.217960,15.000000,0
first,C020,6.000000,34.896955,1.000000,1
first,C021,18.000000,102.829063,23.000000,1
first,C022,19.000000,441.962127,1.000000,0
first,C023,11.000000,27.695020,6.000000,0
first,C024,6.000000,28.426546,20.000000,0
first,C025,22.000000,362.855476,20.000000,1
first,C026,8.000000,45.359169,10.000000,0
first,C027,20.000000,186.260710,1.000000,0
first,C028,12.000000,74.895420,9.000000,1
first,C029,8.000000,54.736022,3.000000,0
first,C030,15.000000,95.016013,24.000000,1
first,C031,14.000000,217.738398,11.000000,1
first,C032,21.000000,264.443829,2.000000,1
first,C033,6.000000,76.508032,5.000000,0
first,C034,18.000000,213.120306,17.000000,1
first,C035,12.000000,39.909743,18.000000,0
first,C036,12.000000,93.403193,16.000000,0
first,C037,13.000000,125.472368,21.000000,1
first,C038,18.000000,182.140829,23.000000,0
first,C039,9.000000,118.964645,2.000000,0
first,C040,11.000000,80.910602,28.000000,0
first,C041,23.000000,149.305767,13.000000,0
first,C042,11.000000,100.268285,23.000000,0
first,C043,6.000000,73.847967,22.000000,0
first,C044,15.000000,31.496549,26.000000,0
first,C045,22.000000,159.313741,27.000000,0
first,C046,19.000000,153.124846,9.000000,0
first,C047,15.000000,89.364910,22.000000,0
first,C048,21.000000,175.936763,19.000000,1
first,C049,9.000000,59.016919,7.000000,1
first,C050,21.000000,113.354126,24.000000,0
first,C051,13.000000,155.650025,5.000000,1
first,C052,20.000000,163.039570,6.000000,0
first,C053,6.000000,31.442767,4.000000,1
first,C054,7.000000,50.776510,13.000000,0
first,C055,20.000000,278.229515,9.000000,0
first,C056,18.000000,123.817692,12.000000,1
first,C057,8.000000,48.966260,22.000000,1
first,C058,21.000000,191.475628,5.000000,0
first,C059,15.000000,34.264066,14.000000,1
first,C060,13.000000,60.861030,16.000000,0
first,C061,8.000000,122.693946,9.000000,0
first,C062,14.000000,64.455092,10.000000,0
first,C063,19.000000,189.702835,28.000000,1
first,C064,12.000000,100.755405,18.000000,1
first,C065,9.000000,111.431485,25.000000,0
first,C066,13.000000,78.447450,24.000000,0
first,C067,10.000000,75.304160,3.000000,1
first,C068,22.000000,119.382284,16.000000,0
first,C069,9.000000,82.195068,17.000000,0
first,C070,8.000000,47.770227,26.000000,0
first,C071,7.000000,27.244481,9.000000,0
first,C072,9.000000,84.336615,23.000000,0
first,C073,20.000000,136.689823,19.000000,0
first,C074,23.000000,162.244085,22.000000,0
first,C075,21.000000,108.318301,25.000000,0
first,C076,17.000000,343.128267,19.000000,0
first,C077,12.000000,66.425666,4.000000,0
first,C078,21.000000,102.847042,1.000000,1
first,C079,13.000000,119.474614,9.000000,0
first,C080,22.000000,202.387824,20.000000,0
first,C081,7.000000,66.343066,14.000000,0
first,C082,17.000000,431.605201,16.000000,1
first,C083,15.000000,125.033500,5.000000,0
first,C084,8.000000,64.498218,27.000000,0
first,C085,8.000000,47.856812,3.000000,0
first,C086,17.000000,145.462325,5.000000,1
first,C087,6.000000,55.790651,11.000000,1
first,C088,19.000000,274.722443,26.000000,0
first,C089,7.000000,30.833688,27.000000,0
later,C000,10.000000,46.021119,5.000000,0
later,C001,16.000000,60.483584,12.000000,0
later,C002,17.000000,57.206997,18.000000,1
later,C003,19.000000,305.503089,14.000000,1
later,C004,22.000000,294.015256,26.000000,1
later,C005,31.000000,238.942770,16.000000,1
later,C006,6.000000,27.248094,14.000000,0
later,C007,23.000000,264.859572,9.000000,1
later,C008,21.000000,224.148551,4.000000,0
later,C009,20.000000,93.991178,19.000000,0
later,C010,11.000000,61.430320,16.000000,0
later,C011,3.000000,106.304073,4.000000,1
later,C012,13.000000,66.277456,17.000000,0
later,C013,9.000000,47.866890,14.000000,0
later,C014,22.000000,135.459342,11.000000,0
later,C015,17.000000,165.405244,18.000000,0
later,C016,22.000000,151.475480,12.000000,0
later,C017,15.000000,135.137369,8.000000,0
later,C018,11.000000,280.385167,29.000000,1
later,C019,4.000000,56.109272,13.000000,0
later,C020,29.000000,107.914447,17.000000,1
later,C021,8.000000,39.862860,17.000000,1
later,C022,17.000000,514.313558,3.000000,0
later,C023,11.000000,24.540375,4.000000,0
later,C024,2.000000,26.482517,19.000000,0
later,C025,14.000000,197.623983,22.000000,1
later,C026,9.000000,47.330282,11.000000,0
later,C027,22.000000,166.502688,1.000000,0
later,C028,27.000000,82.011060,14.000000,1
later,C029,8.000000,54.868330,4.000000,0
later,C030,8.000000,108.028842,26.000000,1
later,C031,13.000000,254.948101,13.000000,1
later,C032,26.000000,101.605281,26.000000,1
later,C033,9.000000,75.778080,4.000000,0
later,C034,16.000000,225.975548,6.000000,1
later,C035,12.000000,35.675467,15.000000,0
later,C036,12.000000,96.457227,16.000000,0
later,C037,2.000000,47.669007,26.000000,1
later,C038,19.000000,193.059787,20.000000,0
later,C039,11.000000,129.550745,5.000000,0
later,C040,9.000000,90.688083,28.000000,0
later,C041,25.000000,146.438372,16.000000,0
later,C042,12.000000,97.696258,22.000000,0
later,C043,4.000000,77.327588,25.000000,0
later,C044,16.000000,32.631772,29.000000,0
later,C045,21.000000,171.958393,25.000000,0
later,C046,20.000000,170.138815,12.000000,0
later,C047,13.000000,106.797781,25.000000,0
later,C048,20.000000,277.497875,13.000000,1
later,C049,22.000000,137.285886,6.000000,1
later,C050,24.000000,118.291164,21.000000,0
later,C051,31.000000,239.829294,20.000000,1
later,C052,21.000000,133.548418,5.000000,0
later,C053,18.000000,97.269415,18.000000,1
later,C054,8.000000,53.665801,16.000000,0
later,C055,25.000000,260.737802,6.000000,0
later,C056,12.000000,96.795252,17.000000,1
later,C057,23.000000,244.485671,16.000000,1
later,C058,24.000000,181.056801,7.000000,0
later,C059,25.000000,76.940085,1.000000,1
later,C060,14.000000,58.587185,13.000000,0
later,C061,8.000000,141.527088,7.000000,0
later,C062,14.000000,60.536296,13.000000,0
later,C063,21.000000,121.390189,7.000000,1
later,C064,4.000000,240.942688,24.000000,1
later,C065,13.000000,120.716270,26.000000,0
later,C066,12.000000,72.447460,22.000000,0
later,C067,31.000000,280.750015,18.000000,1
later,C068,23.000000,105.140874,14.000000,0
later,C069,8.000000,78.246752,18.000000,0
later,C070,6.000000,44.746099,29.000000,0
later,C071,7.000000,28.453187,12.000000,0
later,C072,9.000000,80.099998,25.000000,0
later,C073,20.000000,136.587194,17.000000,0
later,C074,22.000000,192.798939,24.000000,0
later,C075,21.000000,127.714239,27.000000,0
later,C076,19.000000,310.603397,21.000000,0
later,C077,14.000000,78.439934,2.000000,0
later,C078,4.000000,164.546321,15.000000,1
later,C079,15.000000,107.046875,11.000000,0
later,C080,24.000000,217.266132,22.000000,0
later,C081,8.000000,60.122235,15.000000,0
later,C082,15.000000,22.524037,1.000000,1
later,C083,17.000000,127.916143,8.000000,0
later,C084,10.000000,67.342965,27.000000,0
later,C085,8.000000,35.382156,6.000000,0
later,C086,26.000000,192.421577,18.000000,1
later,C087,16.000000,82.790454,6.000000,1
later,C088,18.000000,299.955308,29.000000,0
later,C089,9.000000,33.181804,27.000000,0
