method,k,center_id,x_km,y_km
continuous_kmeans,2,0,42.929134,0.000000
continuous_kmeans,2,1,9.794872,0.000000
continuous_squared_exact,2,0,9.794872,0.000000
continuous_squared_exact,2,1,42.929134,0.000000
candidate_kmeans_snapped,2,0,8.000000,0.000000
candidate_kmeans_snapped,2,1,41.000000,0.000000
candidate_min_squared_exact,2,0,8.000000,0.000000
candidate_min_squared_exact,2,1,41.000000,0.000000
candidate_max_city_cover_exact,2,0,8.000000,0.000000
candidate_max_city_cover_exact,2,1,46.000000,0.000000
continuous_kmeans,3,0,51.834783,0.000000
continuous_kmeans,3,1,9.794872,0.000000
continuous_kmeans,3,2,35.561151,0.000000
continuous_squared_exact,3,0,9.794872,0.000000
continuous_squared_exact,3,1,35.561151,0.000000
continuous_squared_exact,3,2,51.834783,0.000000
candidate_kmeans_snapped,3,0,8.000000,0.000000
candidate_kmeans_snapped,3,1,41.000000,0.000000
candidate_kmeans_snapped,3,2,49.000000,0.000000
candidate_min_squared_exact,3,0,8.000000,0.000000
candidate_min_squared_exact,3,1,29.000000,0.000000
candidate_min_squared_exact,3,2,49.000000,0.000000
candidate_max_city_cover_exact,3,0,8.000000,0.000000
candidate_max_city_cover_exact,3,1,29.000000,0.000000
candidate_max_city_cover_exact,3,2,46.000000,0.000000
