strategy,day,last_observed_day,near_sku,pick_walk_m,move_walk_m,total_walk_m
fixed_two_day,3,2,A,200.000000,0.000000,200.000000
fixed_two_day,4,3,A,488.000000,0.000000,488.000000
fixed_two_day,5,4,A,200.000000,0.000000,200.000000
fixed_two_day,6,5,A,488.000000,0.000000,488.000000
fixed_two_day,7,6,A,200.000000,0.000000,200.000000
fixed_two_day,8,7,A,488.000000,0.000000,488.000000
daily_previous_day,3,2,B,488.000000,60.000000,548.000000
daily_previous_day,4,3,A,488.000000,60.000000,548.000000
daily_previous_day,5,4,B,488.000000,60.000000,548.000000
daily_previous_day,6,5,A,488.000000,60.000000,548.000000
daily_previous_day,7,6,B,488.000000,60.000000,548.000000
daily_previous_day,8,7,A,488.000000,60.000000,548.000000
hold_two_observations,3,2,A,200.000000,0.000000,200.000000
hold_two_observations,4,3,A,488.000000,0.000000,488.000000
hold_two_observations,5,4,A,200.000000,0.000000,200.000000
hold_two_observations,6,5,A,488.000000,0.000000,488.000000
hold_two_observations,7,6,A,200.000000,0.000000,200.000000
hold_two_observations,8,7,A,488.000000,0.000000,488.000000
