customer_id,business_volume
C000,35
C001,39
C002,19
C003,19
C004,17
C005,29
C006,21
C007,22
C008,37
C009,21
C010,39
C011,17
C012,20
C013,23
C014,26
C015,27
C016,35
C017,26
C018,13
C019,16
C020,94
C021,144
C022,143
C023,160
C024,140
C025,160
C026,188
C027,117
C028,117
C029,163
C030,117
C031,157
C032,136
C033,118
C034,123
C035,125
C036,142
C037,105
C038,129
C039,115
C040,266
C041,344
C042,257
C043,388
C044,410
C045,475
C046,442
C047,458
C048,323
C049,389
C050,401
C051,203
C052,386
C053,203
C054,182
C055,393
C056,249
C057,312
C058,295
C059,337
