date,region,sku,quantity
2025-01-01,North,A,27
2025-01-02,North,A,25
2025-01-03,North,A,34
2025-01-04,North,A,43
2025-01-05,North,A,30
2025-01-06,North,A,22
2025-01-07,North,A,28
2025-01-08,North,A,26
2025-01-09,North,A,29
2025-01-10,North,A,31
2025-01-11,North,A,44
2025-01-12,North,A,39
2025-01-13,North,A,27
2025-01-14,North,A,32
2025-01-15,North,A,29
2025-01-16,North,A,27
2025-01-17,North,A,35
2025-01-18,North,A,39
2025-01-19,North,A,40
2025-01-20,North,A,27
2025-01-21,North,A,29
2025-01-22,North,A,26
2025-01-23,North,A,34
2025-01-24,North,A,34
2025-01-25,North,A,42
2025-01-26,North,A,37
2025-01-27,North,A,30
2025-01-28,North,A,31
2025-01-29,North,A,31
2025-01-30,North,A,33
2025-01-31,North,A,42
2025-02-01,North,A,43
2025-02-02,North,A,37
2025-02-03,North,A,27
2025-02-04,North,A,33
2025-02-05,North,A,34
2025-02-06,North,A,32
2025-02-07,North,A,34
2025-02-08,North,A,42
2025-02-09,North,A,42
2025-02-10,North,A,32
2025-02-11,North,A,34
2025-02-12,North,A,29
2025-02-13,North,A,34
2025-02-14,North,A,38
2025-02-15,North,A,46
2025-02-16,North,A,43
2025-02-17,North,A,31
2025-02-18,North,A,35
2025-02-19,North,A,32
2025-02-20,North,A,35
2025-02-21,North,A,40
2025-02-22,North,A,42
2025-02-23,North,A,40
2025-02-24,North,A,30
2025-02-25,North,A,32
2025-02-26,North,A,32
2025-02-27,North,A,39
2025-02-28,North,A,36
2025-03-01,North,A,50
2025-03-02,North,A,37
2025-03-03,North,A,31
2025-03-04,North,A,35
2025-03-05,North,A,35
2025-03-06,North,A,38
2025-03-07,North,A,42
2025-03-08,North,A,47
2025-03-09,North,A,42
2025-03-10,North,A,36
2025-03-11,North,A,35
2025-03-12,North,A,31
2025-03-13,North,A,33
2025-03-14,North,A,38
2025-03-15,North,A,50
2025-03-16,North,A,44
2025-03-17,North,A,36
2025-03-18,North,A,35
2025-03-19,North,A,36
2025-03-20,North,A,39
2025-03-21,North,A,41
2025-03-22,North,A,51
2025-03-23,North,A,43
2025-03-24,North,A,34
2025-03-25,North,A,36
2025-03-26,North,A,32
2025-03-27,North,A,40
2025-03-28,North,A,41
2025-03-29,North,A,50
2025-03-30,North,A,47
2025-03-31,North,A,37
2025-04-01,North,A,40
2025-04-02,North,A,37
2025-04-03,North,A,38
2025-04-04,North,A,43
2025-04-05,North,A,46
2025-04-06,North,A,42
2025-04-07,North,A,33
2025-04-08,North,A,36
2025-04-09,North,A,39
2025-04-10,North,A,37
2025-04-11,North,A,43
2025-04-12,North,A,56
2025-04-13,North,A,46
2025-04-14,North,A,40
2025-04-15,North,A,37
2025-04-16,North,A,38
2025-04-17,North,A,38
2025-04-18,North,A,44
2025-04-19,North,A,55
2025-04-20,North,A,43
2025-04-21,North,A,40
2025-04-22,North,A,41
2025-01-01,North,B,11
2025-01-02,North,B,11
2025-01-03,North,B,19
2025-01-04,North,B,26
2025-01-05,North,B,23
2025-01-06,North,B,13
2025-01-07,North,B,20
2025-01-08,North,B,13
2025-01-09,North,B,13
2025-01-10,North,B,21
2025-01-11,North,B,29
2025-01-12,North,B,27
2025-01-13,North,B,16
2025-01-14,North,B,17
2025-01-15,North,B,19
2025-01-16,North,B,13
2025-01-17,North,B,19
2025-01-18,North,B,26
2025-01-19,North,B,23
2025-01-20,North,B,10
2025-01-21,North,B,18
2025-01-22,North,B,15
2025-01-23,North,B,13
2025-01-24,North,B,19
2025-01-25,North,B,31
2025-01-26,North,B,28
2025-01-27,North,B,21
2025-01-28,North,B,26
2025-01-29,North,B,18
2025-01-30,North,B,16
2025-01-31,North,B,16
2025-02-01,North,B,32
2025-02-02,North,B,23
2025-02-03,North,B,15
2025-02-04,North,B,16
2025-02-05,North,B,17
2025-02-06,North,B,23
2025-02-07,North,B,24
2025-02-08,North,B,31
2025-02-09,North,B,24
2025-02-10,North,B,12
2025-02-11,North,B,17
2025-02-12,North,B,18
2025-02-13,North,B,25
2025-02-14,North,B,25
2025-02-15,North,B,35
2025-02-16,North,B,26
2025-02-17,North,B,14
2025-02-18,North,B,17
2025-02-19,North,B,17
2025-02-20,North,B,27
2025-02-21,North,B,23
2025-02-22,North,B,36
2025-02-23,North,B,26
2025-02-24,North,B,21
2025-02-25,North,B,22
2025-02-26,North,B,19
2025-02-27,North,B,22
2025-02-28,North,B,24
2025-03-01,North,B,35
2025-03-02,North,B,28
2025-03-03,North,B,16
2025-03-04,North,B,18
2025-03-05,North,B,21
2025-03-06,North,B,27
2025-03-07,North,B,27
2025-03-08,North,B,35
2025-03-09,North,B,31
2025-03-10,North,B,24
2025-03-11,North,B,23
2025-03-12,North,B,20
2025-03-13,North,B,27
2025-03-14,North,B,29
2025-03-15,North,B,40
2025-03-16,North,B,31
2025-03-17,North,B,17
2025-03-18,North,B,19
2025-03-19,North,B,27
2025-03-20,North,B,30
2025-03-21,North,B,28
2025-03-22,North,B,35
2025-03-23,North,B,36
2025-03-24,North,B,19
2025-03-25,North,B,21
2025-03-26,North,B,25
2025-03-27,North,B,24
2025-03-28,North,B,29
2025-03-29,North,B,37
2025-03-30,North,B,34
2025-03-31,North,B,27
2025-04-01,North,B,25
2025-04-02,North,B,26
2025-04-03,North,B,20
2025-04-04,North,B,30
2025-04-05,North,B,36
2025-04-06,North,B,30
2025-04-07,North,B,21
2025-04-08,North,B,25
2025-04-09,North,B,28
2025-04-10,North,B,23
2025-04-11,North,B,31
2025-04-12,North,B,38
2025-04-13,North,B,33
2025-04-14,North,B,27
2025-04-15,North,B,28
2025-04-16,North,B,30
2025-04-17,North,B,27
2025-04-18,North,B,30
2025-04-19,North,B,39
2025-04-20,North,B,36
2025-04-21,North,B,26
2025-04-22,North,B,24
2025-01-01,South,A,29
2025-01-02,South,A,32
2025-01-03,South,A,43
2025-01-04,South,A,49
2025-01-05,South,A,36
2025-01-06,South,A,28
2025-01-07,South,A,26
2025-01-08,South,A,28
2025-01-09,South,A,33
2025-01-10,South,A,40
2025-01-11,South,A,42
2025-01-12,South,A,37
2025-01-13,South,A,23
2025-01-14,South,A,31
2025-01-15,South,A,27
2025-01-16,South,A,31
2025-01-17,South,A,34
2025-01-18,South,A,45
2025-01-19,South,A,35
2025-01-20,South,A,26
2025-01-21,South,A,39
2025-01-22,South,A,28
2025-01-23,South,A,30
2025-01-24,South,A,43
2025-01-25,South,A,55
2025-01-26,South,A,37
2025-01-27,South,A,30
2025-01-28,South,A,34
2025-01-29,South,A,38
2025-01-30,South,A,32
2025-01-31,South,A,38
2025-02-01,South,A,49
2025-02-02,South,A,43
2025-02-03,South,A,31
2025-02-04,South,A,34
2025-02-05,South,A,29
2025-02-06,South,A,35
2025-02-07,South,A,39
2025-02-08,South,A,48
2025-02-09,South,A,41
2025-02-10,South,A,34
2025-02-11,South,A,38
2025-02-12,South,A,35
2025-02-13,South,A,37
2025-02-14,South,A,40
2025-02-15,South,A,48
2025-02-16,South,A,41
2025-02-17,South,A,35
2025-02-18,South,A,35
2025-02-19,South,A,41
2025-02-20,South,A,42
2025-02-21,South,A,42
2025-02-22,South,A,47
2025-02-23,South,A,41
2025-02-24,South,A,38
2025-02-25,South,A,37
2025-02-26,South,A,37
2025-02-27,South,A,33
2025-02-28,South,A,45
2025-03-01,South,A,51
2025-03-02,South,A,42
2025-03-03,South,A,34
2025-03-04,South,A,38
2025-03-05,South,A,37
2025-03-06,South,A,38
2025-03-07,South,A,42
2025-03-08,South,A,50
2025-03-09,South,A,46
2025-03-10,South,A,41
2025-03-11,South,A,31
2025-03-12,South,A,37
2025-03-13,South,A,40
2025-03-14,South,A,45
2025-03-15,South,A,51
2025-03-16,South,A,42
2025-03-17,South,A,38
2025-03-18,South,A,44
2025-03-19,South,A,34
2025-03-20,South,A,43
2025-03-21,South,A,43
2025-03-22,South,A,52
2025-03-23,South,A,45
2025-03-24,South,A,37
2025-03-25,South,A,44
2025-03-26,South,A,41
2025-03-27,South,A,46
2025-03-28,South,A,49
2025-03-29,South,A,55
2025-03-30,South,A,54
2025-03-31,South,A,40
2025-04-01,South,A,43
2025-04-02,South,A,39
2025-04-03,South,A,42
2025-04-04,South,A,44
2025-04-05,South,A,57
2025-04-06,South,A,46
2025-04-07,South,A,42
2025-04-08,South,A,41
2025-04-09,South,A,44
2025-04-10,South,A,45
2025-04-11,South,A,52
2025-04-12,South,A,57
2025-04-13,South,A,46
2025-04-14,South,A,40
2025-04-15,South,A,39
2025-04-16,South,A,40
2025-04-17,South,A,48
2025-04-18,South,A,50
2025-04-19,South,A,54
2025-04-20,South,A,48
2025-04-21,South,A,41
2025-04-22,South,A,40
2025-01-01,South,B,14
2025-01-02,South,B,19
2025-01-03,South,B,26
2025-01-04,South,B,32
2025-01-05,South,B,19
2025-01-06,South,B,17
2025-01-07,South,B,18
2025-01-08,South,B,18
2025-01-09,South,B,24
2025-01-10,South,B,17
2025-01-11,South,B,29
2025-01-12,South,B,28
2025-01-13,South,B,12
2025-01-14,South,B,23
2025-01-15,South,B,19
2025-01-16,South,B,22
2025-01-17,South,B,22
2025-01-18,South,B,34
2025-01-19,South,B,30
2025-01-20,South,B,18
2025-01-21,South,B,20
2025-01-22,South,B,19
2025-01-23,South,B,18
2025-01-24,South,B,24
2025-01-25,South,B,32
2025-01-26,South,B,29
2025-01-27,South,B,21
2025-01-28,South,B,17
2025-01-29,South,B,19
2025-01-30,South,B,26
2025-01-31,South,B,23
2025-02-01,South,B,31
2025-02-02,South,B,29
2025-02-03,South,B,21
2025-02-04,South,B,21
2025-02-05,South,B,24
2025-02-06,South,B,25
2025-02-07,South,B,29
2025-02-08,South,B,36
2025-02-09,South,B,37
2025-02-10,South,B,19
2025-02-11,South,B,16
2025-02-12,South,B,26
2025-02-13,South,B,22
2025-02-14,South,B,28
2025-02-15,South,B,39
2025-02-16,South,B,26
2025-02-17,South,B,17
2025-02-18,South,B,18
2025-02-19,South,B,19
2025-02-20,South,B,25
2025-02-21,South,B,30
2025-02-22,South,B,37
2025-02-23,South,B,27
2025-02-24,South,B,15
2025-02-25,South,B,24
2025-02-26,South,B,21
2025-02-27,South,B,26
2025-02-28,South,B,31
2025-03-01,South,B,37
2025-03-02,South,B,34
2025-03-03,South,B,23
2025-03-04,South,B,26
2025-03-05,South,B,21
2025-03-06,South,B,25
2025-03-07,South,B,30
2025-03-08,South,B,40
2025-03-09,South,B,32
2025-03-10,South,B,25
2025-03-11,South,B,24
2025-03-12,South,B,24
2025-03-13,South,B,29
2025-03-14,South,B,25
2025-03-15,South,B,35
2025-03-16,South,B,29
2025-03-17,South,B,17
2025-03-18,South,B,24
2025-03-19,South,B,27
2025-03-20,South,B,27
2025-03-21,South,B,32
2025-03-22,South,B,43
2025-03-23,South,B,39
2025-03-24,South,B,25
2025-03-25,South,B,31
2025-03-26,South,B,26
2025-03-27,South,B,26
2025-03-28,South,B,31
2025-03-29,South,B,36
2025-03-30,South,B,33
2025-03-31,South,B,25
2025-04-01,South,B,30
2025-04-02,South,B,32
2025-04-03,South,B,25
2025-04-04,South,B,34
2025-04-05,South,B,38
2025-04-06,South,B,38
2025-04-07,South,B,26
2025-04-08,South,B,23
2025-04-09,South,B,31
2025-04-10,South,B,28
2025-04-11,South,B,32
2025-04-12,South,B,39
2025-04-13,South,B,35
2025-04-14,South,B,29
2025-04-15,South,B,29
2025-04-16,South,B,30
2025-04-17,South,B,32
2025-04-18,South,B,39
2025-04-19,South,B,42
2025-04-20,South,B,34
2025-04-21,South,B,31
2025-04-22,South,B,29
