cutoff_day,valid_start,model,mae,rmse
56,2025-02-26,recent_mean,17.071429,21.676894
56,2025-02-26,weekday_mean,9.785714,11.623560
56,2025-02-26,calendar_ridge,3.984467,5.604808
70,2025-03-12,recent_mean,17.428571,22.032444
70,2025-03-12,weekday_mean,9.285714,11.313708
70,2025-03-12,calendar_ridge,4.265120,4.966221
84,2025-03-26,recent_mean,16.581633,19.088141
84,2025-03-26,weekday_mean,9.607143,11.179941
84,2025-03-26,calendar_ridge,5.742937,6.970668
98,2025-04-09,recent_mean,15.295918,21.463543
98,2025-04-09,weekday_mean,10.750000,12.535307
98,2025-04-09,calendar_ridge,5.281213,5.976404
