cutoff_day,date,model,actual,prediction
56,2025-02-26,recent_mean,109,126.857143
56,2025-02-27,recent_mean,120,126.857143
56,2025-02-28,recent_mean,136,126.857143
56,2025-03-01,recent_mean,173,126.857143
56,2025-03-02,recent_mean,141,126.857143
56,2025-03-03,recent_mean,104,126.857143
56,2025-03-04,recent_mean,117,126.857143
56,2025-03-05,recent_mean,114,126.857143
56,2025-03-06,recent_mean,128,126.857143
56,2025-03-07,recent_mean,141,126.857143
56,2025-03-08,recent_mean,172,126.857143
56,2025-03-09,recent_mean,151,126.857143
56,2025-03-10,recent_mean,126,126.857143
56,2025-03-11,recent_mean,113,126.857143
56,2025-02-26,weekday_mean,109,106.750000
56,2025-02-27,weekday_mean,120,117.250000
56,2025-02-28,weekday_mean,136,127.750000
56,2025-03-01,weekday_mean,173,160.500000
56,2025-03-02,weekday_mean,141,136.500000
56,2025-03-03,weekday_mean,104,98.000000
56,2025-03-04,weekday_mean,117,107.250000
56,2025-03-05,weekday_mean,114,106.750000
56,2025-03-06,weekday_mean,128,117.250000
56,2025-03-07,weekday_mean,141,127.750000
56,2025-03-08,weekday_mean,172,160.500000
56,2025-03-09,weekday_mean,151,136.500000
56,2025-03-10,weekday_mean,126,98.000000
56,2025-03-11,weekday_mean,113,107.250000
56,2025-02-26,calendar_ridge,109,112.653548
56,2025-02-27,calendar_ridge,120,121.054712
56,2025-02-28,calendar_ridge,136,136.986741
56,2025-03-01,calendar_ridge,173,170.079264
56,2025-03-02,calendar_ridge,141,145.887836
56,2025-03-03,calendar_ridge,104,107.498878
56,2025-03-04,calendar_ridge,117,120.467944
56,2025-03-05,calendar_ridge,114,116.113990
56,2025-03-06,calendar_ridge,128,124.515154
56,2025-03-07,calendar_ridge,141,140.447183
56,2025-03-08,calendar_ridge,172,173.539706
56,2025-03-09,calendar_ridge,151,149.348278
56,2025-03-10,calendar_ridge,126,110.959320
56,2025-03-11,calendar_ridge,113,123.928386
70,2025-03-12,recent_mean,112,135.000000
70,2025-03-13,recent_mean,129,135.000000
70,2025-03-14,recent_mean,137,135.000000
70,2025-03-15,recent_mean,176,135.000000
70,2025-03-16,recent_mean,146,135.000000
70,2025-03-17,recent_mean,108,135.000000
70,2025-03-18,recent_mean,122,135.000000
70,2025-03-19,recent_mean,124,135.000000
70,2025-03-20,recent_mean,139,135.000000
70,2025-03-21,recent_mean,144,135.000000
70,2025-03-22,recent_mean,181,135.000000
70,2025-03-23,recent_mean,163,135.000000
70,2025-03-24,recent_mean,115,135.000000
70,2025-03-25,recent_mean,132,135.000000
70,2025-03-12,weekday_mean,112,110.000000
70,2025-03-13,weekday_mean,129,123.750000
70,2025-03-14,weekday_mean,137,135.750000
70,2025-03-15,weekday_mean,176,168.750000
70,2025-03-16,weekday_mean,146,140.500000
70,2025-03-17,weekday_mean,108,107.750000
70,2025-03-18,weekday_mean,122,112.500000
70,2025-03-19,weekday_mean,124,110.000000
70,2025-03-20,weekday_mean,139,123.750000
70,2025-03-21,weekday_mean,144,135.750000
70,2025-03-22,weekday_mean,181,168.750000
70,2025-03-23,weekday_mean,163,140.500000
70,2025-03-24,weekday_mean,115,107.750000
70,2025-03-25,weekday_mean,132,112.500000
70,2025-03-12,calendar_ridge,112,118.778098
70,2025-03-13,calendar_ridge,129,127.990855
70,2025-03-14,calendar_ridge,137,143.639257
70,2025-03-15,calendar_ridge,176,176.911420
70,2025-03-16,calendar_ridge,146,152.262792
70,2025-03-17,calendar_ridge,108,115.336936
70,2025-03-18,calendar_ridge,122,125.737812
70,2025-03-19,calendar_ridge,124,122.197764
70,2025-03-20,calendar_ridge,139,131.410522
70,2025-03-21,calendar_ridge,144,147.058923
70,2025-03-22,calendar_ridge,181,180.331087
70,2025-03-23,calendar_ridge,163,155.682458
70,2025-03-24,calendar_ridge,115,118.756602
70,2025-03-25,calendar_ridge,132,129.157479
84,2025-03-26,recent_mean,124,142.571429
84,2025-03-27,recent_mean,136,142.571429
84,2025-03-28,recent_mean,150,142.571429
84,2025-03-29,recent_mean,178,142.571429
84,2025-03-30,recent_mean,168,142.571429
84,2025-03-31,recent_mean,129,142.571429
84,2025-04-01,recent_mean,138,142.571429
84,2025-04-02,recent_mean,134,142.571429
84,2025-04-03,recent_mean,125,142.571429
84,2025-04-04,recent_mean,151,142.571429
84,2025-04-05,recent_mean,177,142.571429
84,2025-04-06,recent_mean,156,142.571429
84,2025-04-07,recent_mean,122,142.571429
84,2025-04-08,recent_mean,125,142.571429
84,2025-03-26,weekday_mean,124,114.750000
84,2025-03-27,weekday_mean,136,129.000000
84,2025-03-28,weekday_mean,150,139.500000
84,2025-03-29,weekday_mean,178,175.500000
84,2025-03-30,weekday_mean,168,150.250000
84,2025-03-31,weekday_mean,129,113.250000
84,2025-04-01,weekday_mean,138,121.000000
84,2025-04-02,weekday_mean,134,114.750000
84,2025-04-03,weekday_mean,125,129.000000
84,2025-04-04,weekday_mean,151,139.500000
84,2025-04-05,weekday_mean,177,175.500000
84,2025-04-06,weekday_mean,156,150.250000
84,2025-04-07,weekday_mean,122,113.250000
84,2025-04-08,weekday_mean,125,121.000000
84,2025-03-26,calendar_ridge,124,124.787561
84,2025-03-27,calendar_ridge,136,135.122101
84,2025-03-28,calendar_ridge,150,149.258294
84,2025-03-29,calendar_ridge,178,183.311843
84,2025-03-30,calendar_ridge,168,158.770350
84,2025-03-31,calendar_ridge,129,120.840427
84,2025-04-01,calendar_ridge,138,132.084058
84,2025-04-02,calendar_ridge,134,128.143048
84,2025-04-03,calendar_ridge,125,138.477588
84,2025-04-04,calendar_ridge,151,152.613781
84,2025-04-05,calendar_ridge,177,186.667329
84,2025-04-06,calendar_ridge,156,162.125836
84,2025-04-07,calendar_ridge,122,124.195914
84,2025-04-08,calendar_ridge,125,135.439545
98,2025-04-09,recent_mean,142,141.428571
98,2025-04-10,recent_mean,133,141.428571
98,2025-04-11,recent_mean,158,141.428571
98,2025-04-12,recent_mean,190,141.428571
98,2025-04-13,recent_mean,160,141.428571
98,2025-04-14,recent_mean,136,141.428571
98,2025-04-15,recent_mean,133,141.428571
98,2025-04-16,recent_mean,138,141.428571
98,2025-04-17,recent_mean,145,141.428571
98,2025-04-18,recent_mean,163,141.428571
98,2025-04-19,recent_mean,190,141.428571
98,2025-04-20,recent_mean,161,141.428571
98,2025-04-21,recent_mean,138,141.428571
98,2025-04-22,recent_mean,134,141.428571
98,2025-04-09,weekday_mean,142,123.500000
98,2025-04-10,weekday_mean,133,132.250000
98,2025-04-11,weekday_mean,158,145.500000
98,2025-04-12,weekday_mean,190,178.000000
98,2025-04-13,weekday_mean,160,158.250000
98,2025-04-14,weekday_mean,136,118.500000
98,2025-04-15,weekday_mean,133,129.250000
98,2025-04-16,weekday_mean,138,123.500000
98,2025-04-17,weekday_mean,145,132.250000
98,2025-04-18,weekday_mean,163,145.500000
98,2025-04-19,weekday_mean,190,178.000000
98,2025-04-20,weekday_mean,161,158.250000
98,2025-04-21,weekday_mean,138,118.500000
98,2025-04-22,weekday_mean,134,129.250000
98,2025-04-09,calendar_ridge,142,131.191732
98,2025-04-10,calendar_ridge,133,140.273056
98,2025-04-11,calendar_ridge,158,155.240905
98,2025-04-12,calendar_ridge,190,188.293860
98,2025-04-13,calendar_ridge,160,165.034759
98,2025-04-14,calendar_ridge,136,127.307572
98,2025-04-15,calendar_ridge,133,137.807336
98,2025-04-16,calendar_ridge,138,134.458520
98,2025-04-17,calendar_ridge,145,143.539844
98,2025-04-18,calendar_ridge,163,158.507693
98,2025-04-19,calendar_ridge,190,191.560648
98,2025-04-20,calendar_ridge,161,168.301546
98,2025-04-21,calendar_ridge,138,130.574360
98,2025-04-22,calendar_ridge,134,141.074124
