scenario,cutoff_day,decision_date,last_observed_date,used_window_cutoffs,latest_completed_window_end,selected_model,past_mae_recent_mean,past_mae_weekday_mean,past_mae_calendar_ridge,reason_before_forecast,future_window_end,future_mae_known_at_date,future_mae
original,56,2025-02-26,2025-02-25,28|42,2025-02-25,calendar_ridge,16.785714,10.375000,4.999923,"只看已完成窗口[28, 42]的平均MAE；calendar_ridge最小（4.9999），平局按固定方法顺序",2025-03-11,2025-03-12,3.984467
original,70,2025-03-12,2025-03-11,42|56,2025-03-11,calendar_ridge,17.071429,9.892857,4.533878,"只看已完成窗口[42, 56]的平均MAE；calendar_ridge最小（4.5339），平局按固定方法顺序",2025-03-25,2025-03-26,4.265120
original,84,2025-03-26,2025-03-25,56|70,2025-03-25,calendar_ridge,17.250000,9.535714,4.124793,"只看已完成窗口[56, 70]的平均MAE；calendar_ridge最小（4.1248），平局按固定方法顺序",2025-04-08,2025-04-09,5.742937
original,98,2025-04-09,2025-04-08,70|84,2025-04-08,calendar_ridge,17.005102,9.446429,5.004028,"只看已完成窗口[70, 84]的平均MAE；calendar_ridge最小（5.0040），平局按固定方法顺序",2025-04-22,2025-04-23,5.281213
decline,56,2025-02-26,2025-02-25,28|42,2025-02-25,calendar_ridge,16.785714,10.375000,4.999923,"只看已完成窗口[28, 42]的平均MAE；calendar_ridge最小（4.9999），平局按固定方法顺序",2025-03-11,2025-03-12,20.034353
decline,70,2025-03-12,2025-03-11,42|56,2025-03-11,weekday_mean,20.183673,10.392857,12.558821,"只看已完成窗口[42, 56]的平均MAE；weekday_mean最小（10.3929），平局按固定方法顺序",2025-03-25,2025-03-26,33.857143
decline,84,2025-03-26,2025-03-25,56|70,2025-03-25,weekday_mean,24.035714,22.321429,29.077361,"只看已完成窗口[56, 70]的平均MAE；weekday_mean最小（22.3214），平局按固定方法顺序",2025-04-08,2025-04-09,41.750000
decline,98,2025-04-09,2025-04-08,70|84,2025-04-08,recent_mean,26.346939,37.803571,40.831146,"只看已完成窗口[70, 84]的平均MAE；recent_mean最小（26.3469），平局按固定方法顺序",2025-04-22,2025-04-23,26.459184
regrowth,56,2025-02-26,2025-02-25,28|42,2025-02-25,calendar_ridge,16.785714,10.375000,4.999923,"只看已完成窗口[28, 42]的平均MAE；calendar_ridge最小（4.9999），平局按固定方法顺序",2025-03-11,2025-03-12,20.034353
regrowth,70,2025-03-12,2025-03-11,42|56,2025-03-11,weekday_mean,20.183673,10.392857,12.558821,"只看已完成窗口[42, 56]的平均MAE；weekday_mean最小（10.3929），平局按固定方法顺序",2025-03-25,2025-03-26,33.857143
regrowth,84,2025-03-26,2025-03-25,56|70,2025-03-25,weekday_mean,24.035714,22.321429,29.077361,"只看已完成窗口[56, 70]的平均MAE；weekday_mean最小（22.3214），平局按固定方法顺序",2025-04-08,2025-04-09,10.892857
regrowth,98,2025-04-09,2025-04-08,70|84,2025-04-08,weekday_mean,24.938776,22.375000,24.237394,"只看已完成窗口[70, 84]的平均MAE；weekday_mean最小（22.3750），平局按固定方法顺序",2025-04-22,2025-04-23,49.285714
