scenario,cutoff_day,method,mae,rmse
original,56,recent_mean,17.071429,21.676894
original,56,weekday_mean,9.785714,11.623560
original,56,calendar_ridge,3.984467,5.604808
original,56,sequential_select,3.984467,5.604808
original,70,recent_mean,17.428571,22.032444
original,70,weekday_mean,9.285714,11.313708
original,70,calendar_ridge,4.265120,4.966221
original,70,sequential_select,4.265120,4.966221
original,84,recent_mean,16.581633,19.088141
original,84,weekday_mean,9.607143,11.179941
original,84,calendar_ridge,5.742937,6.970668
original,84,sequential_select,5.742937,6.970668
original,98,recent_mean,15.295918,21.463543
original,98,weekday_mean,10.750000,12.535307
original,98,calendar_ridge,5.281213,5.976404
original,98,sequential_select,5.281213,5.976404
decline,56,recent_mean,23.295918,26.878980
decline,56,weekday_mean,10.785714,13.091709
decline,56,calendar_ridge,20.034353,22.886591
decline,56,sequential_select,20.034353,22.886591
decline,70,recent_mean,24.775510,28.109117
decline,70,weekday_mean,33.857143,35.082301
decline,70,calendar_ridge,38.120369,39.210613
decline,70,sequential_select,33.857143,35.082301
decline,84,recent_mean,27.918367,31.829584
decline,84,weekday_mean,41.750000,42.764617
decline,84,calendar_ridge,43.541922,44.309158
decline,84,sequential_select,41.750000,42.764617
decline,98,recent_mean,26.459184,29.530856
decline,98,weekday_mean,41.071429,42.000213
decline,98,calendar_ridge,43.159307,43.794842
decline,98,sequential_select,26.459184,29.530856
regrowth,56,recent_mean,23.295918,26.878980
regrowth,56,weekday_mean,10.785714,13.091709
regrowth,56,calendar_ridge,20.034353,22.886591
regrowth,56,sequential_select,20.034353,22.886591
regrowth,70,recent_mean,24.775510,28.109117
regrowth,70,weekday_mean,33.857143,35.082301
regrowth,70,calendar_ridge,38.120369,39.210613
regrowth,70,sequential_select,33.857143,35.082301
regrowth,84,recent_mean,25.102041,32.022314
regrowth,84,weekday_mean,10.892857,13.102276
regrowth,84,calendar_ridge,10.354419,12.592115
regrowth,84,sequential_select,10.892857,13.102276
regrowth,98,recent_mean,33.714286,40.201279
regrowth,98,weekday_mean,49.285714,50.679138
regrowth,98,calendar_ridge,43.879726,45.705380
regrowth,98,sequential_select,49.285714,50.679138
