scenario,decision_cutoff_day,decision_date,scored_window_cutoff,window_start,window_end,known_at_date,model,mae
original,56,2025-02-26,28,2025-01-29,2025-02-11,2025-02-12,recent_mean,16.500000
original,56,2025-02-26,28,2025-01-29,2025-02-11,2025-02-12,weekday_mean,10.750000
original,56,2025-02-26,28,2025-01-29,2025-02-11,2025-02-12,calendar_ridge,4.916558
original,56,2025-02-26,42,2025-02-12,2025-02-25,2025-02-26,recent_mean,17.071429
original,56,2025-02-26,42,2025-02-12,2025-02-25,2025-02-26,weekday_mean,10.000000
original,56,2025-02-26,42,2025-02-12,2025-02-25,2025-02-26,calendar_ridge,5.083289
original,70,2025-03-12,42,2025-02-12,2025-02-25,2025-02-26,recent_mean,17.071429
original,70,2025-03-12,42,2025-02-12,2025-02-25,2025-02-26,weekday_mean,10.000000
original,70,2025-03-12,42,2025-02-12,2025-02-25,2025-02-26,calendar_ridge,5.083289
original,70,2025-03-12,56,2025-02-26,2025-03-11,2025-03-12,recent_mean,17.071429
original,70,2025-03-12,56,2025-02-26,2025-03-11,2025-03-12,weekday_mean,9.785714
original,70,2025-03-12,56,2025-02-26,2025-03-11,2025-03-12,calendar_ridge,3.984467
original,84,2025-03-26,56,2025-02-26,2025-03-11,2025-03-12,recent_mean,17.071429
original,84,2025-03-26,56,2025-02-26,2025-03-11,2025-03-12,weekday_mean,9.785714
original,84,2025-03-26,56,2025-02-26,2025-03-11,2025-03-12,calendar_ridge,3.984467
original,84,2025-03-26,70,2025-03-12,2025-03-25,2025-03-26,recent_mean,17.428571
original,84,2025-03-26,70,2025-03-12,2025-03-25,2025-03-26,weekday_mean,9.285714
original,84,2025-03-26,70,2025-03-12,2025-03-25,2025-03-26,calendar_ridge,4.265120
original,98,2025-04-09,70,2025-03-12,2025-03-25,2025-03-26,recent_mean,17.428571
original,98,2025-04-09,70,2025-03-12,2025-03-25,2025-03-26,weekday_mean,9.285714
original,98,2025-04-09,70,2025-03-12,2025-03-25,2025-03-26,calendar_ridge,4.265120
original,98,2025-04-09,84,2025-03-26,2025-04-08,2025-04-09,recent_mean,16.581633
original,98,2025-04-09,84,2025-03-26,2025-04-08,2025-04-09,weekday_mean,9.607143
original,98,2025-04-09,84,2025-03-26,2025-04-08,2025-04-09,calendar_ridge,5.742937
decline,56,2025-02-26,28,2025-01-29,2025-02-11,2025-02-12,recent_mean,16.500000
decline,56,2025-02-26,28,2025-01-29,2025-02-11,2025-02-12,weekday_mean,10.750000
decline,56,2025-02-26,28,2025-01-29,2025-02-11,2025-02-12,calendar_ridge,4.916558
decline,56,2025-02-26,42,2025-02-12,2025-02-25,2025-02-26,recent_mean,17.071429
decline,56,2025-02-26,42,2025-02-12,2025-02-25,2025-02-26,weekday_mean,10.000000
decline,56,2025-02-26,42,2025-02-12,2025-02-25,2025-02-26,calendar_ridge,5.083289
decline,70,2025-03-12,42,2025-02-12,2025-02-25,2025-02-26,recent_mean,17.071429
decline,70,2025-03-12,42,2025-02-12,2025-02-25,2025-02-26,weekday_mean,10.000000
decline,70,2025-03-12,42,2025-02-12,2025-02-25,2025-02-26,calendar_ridge,5.083289
decline,70,2025-03-12,56,2025-02-26,2025-03-11,2025-03-12,recent_mean,23.295918
decline,70,2025-03-12,56,2025-02-26,2025-03-11,2025-03-12,weekday_mean,10.785714
decline,70,2025-03-12,56,2025-02-26,2025-03-11,2025-03-12,calendar_ridge,20.034353
decline,84,2025-03-26,56,2025-02-26,2025-03-11,2025-03-12,recent_mean,23.295918
decline,84,2025-03-26,56,2025-02-26,2025-03-11,2025-03-12,weekday_mean,10.785714
decline,84,2025-03-26,56,2025-02-26,2025-03-11,2025-03-12,calendar_ridge,20.034353
decline,84,2025-03-26,70,2025-03-12,2025-03-25,2025-03-26,recent_mean,24.775510
decline,84,2025-03-26,70,2025-03-12,2025-03-25,2025-03-26,weekday_mean,33.857143
decline,84,2025-03-26,70,2025-03-12,2025-03-25,2025-03-26,calendar_ridge,38.120369
decline,98,2025-04-09,70,2025-03-12,2025-03-25,2025-03-26,recent_mean,24.775510
decline,98,2025-04-09,70,2025-03-12,2025-03-25,2025-03-26,weekday_mean,33.857143
decline,98,2025-04-09,70,2025-03-12,2025-03-25,2025-03-26,calendar_ridge,38.120369
decline,98,2025-04-09,84,2025-03-26,2025-04-08,2025-04-09,recent_mean,27.918367
decline,98,2025-04-09,84,2025-03-26,2025-04-08,2025-04-09,weekday_mean,41.750000
decline,98,2025-04-09,84,2025-03-26,2025-04-08,2025-04-09,calendar_ridge,43.541922
regrowth,56,2025-02-26,28,2025-01-29,2025-02-11,2025-02-12,recent_mean,16.500000
regrowth,56,2025-02-26,28,2025-01-29,2025-02-11,2025-02-12,weekday_mean,10.750000
regrowth,56,2025-02-26,28,2025-01-29,2025-02-11,2025-02-12,calendar_ridge,4.916558
regrowth,56,2025-02-26,42,2025-02-12,2025-02-25,2025-02-26,recent_mean,17.071429
regrowth,56,2025-02-26,42,2025-02-12,2025-02-25,2025-02-26,weekday_mean,10.000000
regrowth,56,2025-02-26,42,2025-02-12,2025-02-25,2025-02-26,calendar_ridge,5.083289
regrowth,70,2025-03-12,42,2025-02-12,2025-02-25,2025-02-26,recent_mean,17.071429
regrowth,70,2025-03-12,42,2025-02-12,2025-02-25,2025-02-26,weekday_mean,10.000000
regrowth,70,2025-03-12,42,2025-02-12,2025-02-25,2025-02-26,calendar_ridge,5.083289
regrowth,70,2025-03-12,56,2025-02-26,2025-03-11,2025-03-12,recent_mean,23.295918
regrowth,70,2025-03-12,56,2025-02-26,2025-03-11,2025-03-12,weekday_mean,10.785714
regrowth,70,2025-03-12,56,2025-02-26,2025-03-11,2025-03-12,calendar_ridge,20.034353
regrowth,84,2025-03-26,56,2025-02-26,2025-03-11,2025-03-12,recent_mean,23.295918
regrowth,84,2025-03-26,56,2025-02-26,2025-03-11,2025-03-12,weekday_mean,10.785714
regrowth,84,2025-03-26,56,2025-02-26,2025-03-11,2025-03-12,calendar_ridge,20.034353
regrowth,84,2025-03-26,70,2025-03-12,2025-03-25,2025-03-26,recent_mean,24.775510
regrowth,84,2025-03-26,70,2025-03-12,2025-03-25,2025-03-26,weekday_mean,33.857143
regrowth,84,2025-03-26,70,2025-03-12,2025-03-25,2025-03-26,calendar_ridge,38.120369
regrowth,98,2025-04-09,70,2025-03-12,2025-03-25,2025-03-26,recent_mean,24.775510
regrowth,98,2025-04-09,70,2025-03-12,2025-03-25,2025-03-26,weekday_mean,33.857143
regrowth,98,2025-04-09,70,2025-03-12,2025-03-25,2025-03-26,calendar_ridge,38.120369
regrowth,98,2025-04-09,84,2025-03-26,2025-04-08,2025-04-09,recent_mean,25.102041
regrowth,98,2025-04-09,84,2025-03-26,2025-04-08,2025-04-09,weekday_mean,10.892857
regrowth,98,2025-04-09,84,2025-03-26,2025-04-08,2025-04-09,calendar_ridge,10.354419
