scenario,date,quantity
original,2025-01-01,81
original,2025-01-02,87
original,2025-01-03,122
original,2025-01-04,150
original,2025-01-05,108
original,2025-01-06,80
original,2025-01-07,92
original,2025-01-08,85
original,2025-01-09,99
original,2025-01-10,109
original,2025-01-11,144
original,2025-01-12,131
original,2025-01-13,78
original,2025-01-14,103
original,2025-01-15,94
original,2025-01-16,93
original,2025-01-17,110
original,2025-01-18,144
original,2025-01-19,128
original,2025-01-20,81
original,2025-01-21,106
original,2025-01-22,88
original,2025-01-23,95
original,2025-01-24,120
original,2025-01-25,160
original,2025-01-26,131
original,2025-01-27,102
original,2025-01-28,108
original,2025-01-29,106
original,2025-01-30,107
original,2025-01-31,119
original,2025-02-01,155
original,2025-02-02,132
original,2025-02-03,94
original,2025-02-04,104
original,2025-02-05,104
original,2025-02-06,115
original,2025-02-07,126
original,2025-02-08,157
original,2025-02-09,144
original,2025-02-10,97
original,2025-02-11,105
original,2025-02-12,108
original,2025-02-13,118
original,2025-02-14,131
original,2025-02-15,168
original,2025-02-16,136
original,2025-02-17,97
original,2025-02-18,105
original,2025-02-19,109
original,2025-02-20,129
original,2025-02-21,135
original,2025-02-22,162
original,2025-02-23,134
original,2025-02-24,104
original,2025-02-25,115
original,2025-02-26,109
original,2025-02-27,120
original,2025-02-28,136
original,2025-03-01,173
original,2025-03-02,141
original,2025-03-03,104
original,2025-03-04,117
original,2025-03-05,114
original,2025-03-06,128
original,2025-03-07,141
original,2025-03-08,172
original,2025-03-09,151
original,2025-03-10,126
original,2025-03-11,113
original,2025-03-12,112
original,2025-03-13,129
original,2025-03-14,137
original,2025-03-15,176
original,2025-03-16,146
original,2025-03-17,108
original,2025-03-18,122
original,2025-03-19,124
original,2025-03-20,139
original,2025-03-21,144
original,2025-03-22,181
original,2025-03-23,163
original,2025-03-24,115
original,2025-03-25,132
original,2025-03-26,124
original,2025-03-27,136
original,2025-03-28,150
original,2025-03-29,178
original,2025-03-30,168
original,2025-03-31,129
original,2025-04-01,138
original,2025-04-02,134
original,2025-04-03,125
original,2025-04-04,151
original,2025-04-05,177
original,2025-04-06,156
original,2025-04-07,122
original,2025-04-08,125
original,2025-04-09,142
original,2025-04-10,133
original,2025-04-11,158
original,2025-04-12,190
original,2025-04-13,160
original,2025-04-14,136
original,2025-04-15,133
original,2025-04-16,138
original,2025-04-17,145
original,2025-04-18,163
original,2025-04-19,190
original,2025-04-20,161
original,2025-04-21,138
original,2025-04-22,134
decline,2025-01-01,81
decline,2025-01-02,87
decline,2025-01-03,122
decline,2025-01-04,150
decline,2025-01-05,108
decline,2025-01-06,80
decline,2025-01-07,92
decline,2025-01-08,85
decline,2025-01-09,99
decline,2025-01-10,109
decline,2025-01-11,144
decline,2025-01-12,131
decline,2025-01-13,78
decline,2025-01-14,103
decline,2025-01-15,94
decline,2025-01-16,93
decline,2025-01-17,110
decline,2025-01-18,144
decline,2025-01-19,128
decline,2025-01-20,81
decline,2025-01-21,106
decline,2025-01-22,88
decline,2025-01-23,95
decline,2025-01-24,120
decline,2025-01-25,160
decline,2025-01-26,131
decline,2025-01-27,102
decline,2025-01-28,108
decline,2025-01-29,106
decline,2025-01-30,107
decline,2025-01-31,119
decline,2025-02-01,155
decline,2025-02-02,132
decline,2025-02-03,94
decline,2025-02-04,104
decline,2025-02-05,104
decline,2025-02-06,115
decline,2025-02-07,126
decline,2025-02-08,157
decline,2025-02-09,144
decline,2025-02-10,97
decline,2025-02-11,105
decline,2025-02-12,108
decline,2025-02-13,118
decline,2025-02-14,131
decline,2025-02-15,168
decline,2025-02-16,136
decline,2025-02-17,97
decline,2025-02-18,105
decline,2025-02-19,109
decline,2025-02-20,129
decline,2025-02-21,135
decline,2025-02-22,162
decline,2025-02-23,134
decline,2025-02-24,104
decline,2025-02-25,115
decline,2025-02-26,109
decline,2025-02-27,115
decline,2025-02-28,131
decline,2025-03-01,153
decline,2025-03-02,139
decline,2025-03-03,85
decline,2025-03-04,107
decline,2025-03-05,87
decline,2025-03-06,105
decline,2025-03-07,108
decline,2025-03-08,146
decline,2025-03-09,122
decline,2025-03-10,82
decline,2025-03-11,84
decline,2025-03-12,87
decline,2025-03-13,81
decline,2025-03-14,97
decline,2025-03-15,122
decline,2025-03-16,109
decline,2025-03-17,68
decline,2025-03-18,79
decline,2025-03-19,67
decline,2025-03-20,66
decline,2025-03-21,80
decline,2025-03-22,117
decline,2025-03-23,94
decline,2025-03-24,58
decline,2025-03-25,63
decline,2025-03-26,51
decline,2025-03-27,59
decline,2025-03-28,64
decline,2025-03-29,113
decline,2025-03-30,79
decline,2025-03-31,30
decline,2025-04-01,53
decline,2025-04-02,31
decline,2025-04-03,40
decline,2025-04-04,61
decline,2025-04-05,90
decline,2025-04-06,63
decline,2025-04-07,24
decline,2025-04-08,38
decline,2025-04-09,23
decline,2025-04-10,22
decline,2025-04-11,50
decline,2025-04-12,77
decline,2025-04-13,54
decline,2025-04-14,17
decline,2025-04-15,17
decline,2025-04-16,12
decline,2025-04-17,13
decline,2025-04-18,23
decline,2025-04-19,64
decline,2025-04-20,35
decline,2025-04-21,5
decline,2025-04-22,5
regrowth,2025-01-01,81
regrowth,2025-01-02,87
regrowth,2025-01-03,122
regrowth,2025-01-04,150
regrowth,2025-01-05,108
regrowth,2025-01-06,80
regrowth,2025-01-07,92
regrowth,2025-01-08,85
regrowth,2025-01-09,99
regrowth,2025-01-10,109
regrowth,2025-01-11,144
regrowth,2025-01-12,131
regrowth,2025-01-13,78
regrowth,2025-01-14,103
regrowth,2025-01-15,94
regrowth,2025-01-16,93
regrowth,2025-01-17,110
regrowth,2025-01-18,144
regrowth,2025-01-19,128
regrowth,2025-01-20,81
regrowth,2025-01-21,106
regrowth,2025-01-22,88
regrowth,2025-01-23,95
regrowth,2025-01-24,120
regrowth,2025-01-25,160
regrowth,2025-01-26,131
regrowth,2025-01-27,102
regrowth,2025-01-28,108
regrowth,2025-01-29,106
regrowth,2025-01-30,107
regrowth,2025-01-31,119
regrowth,2025-02-01,155
regrowth,2025-02-02,132
regrowth,2025-02-03,94
regrowth,2025-02-04,104
regrowth,2025-02-05,104
regrowth,2025-02-06,115
regrowth,2025-02-07,126
regrowth,2025-02-08,157
regrowth,2025-02-09,144
regrowth,2025-02-10,97
regrowth,2025-02-11,105
regrowth,2025-02-12,108
regrowth,2025-02-13,118
regrowth,2025-02-14,131
regrowth,2025-02-15,168
regrowth,2025-02-16,136
regrowth,2025-02-17,97
regrowth,2025-02-18,105
regrowth,2025-02-19,109
regrowth,2025-02-20,129
regrowth,2025-02-21,135
regrowth,2025-02-22,162
regrowth,2025-02-23,134
regrowth,2025-02-24,104
regrowth,2025-02-25,115
regrowth,2025-02-26,109
regrowth,2025-02-27,115
regrowth,2025-02-28,131
regrowth,2025-03-01,153
regrowth,2025-03-02,139
regrowth,2025-03-03,85
regrowth,2025-03-04,107
regrowth,2025-03-05,87
regrowth,2025-03-06,105
regrowth,2025-03-07,108
regrowth,2025-03-08,146
regrowth,2025-03-09,122
regrowth,2025-03-10,82
regrowth,2025-03-11,84
regrowth,2025-03-12,87
regrowth,2025-03-13,81
regrowth,2025-03-14,97
regrowth,2025-03-15,122
regrowth,2025-03-16,109
regrowth,2025-03-17,68
regrowth,2025-03-18,79
regrowth,2025-03-19,67
regrowth,2025-03-20,66
regrowth,2025-03-21,80
regrowth,2025-03-22,117
regrowth,2025-03-23,94
regrowth,2025-03-24,58
regrowth,2025-03-25,63
regrowth,2025-03-26,63
regrowth,2025-03-27,68
regrowth,2025-03-28,98
regrowth,2025-03-29,127
regrowth,2025-03-30,120
regrowth,2025-03-31,82
regrowth,2025-04-01,78
regrowth,2025-04-02,84
regrowth,2025-04-03,95
regrowth,2025-04-04,109
regrowth,2025-04-05,144
regrowth,2025-04-06,133
regrowth,2025-04-07,89
regrowth,2025-04-08,102
regrowth,2025-04-09,106
regrowth,2025-04-10,116
regrowth,2025-04-11,136
regrowth,2025-04-12,168
regrowth,2025-04-13,156
regrowth,2025-04-14,115
regrowth,2025-04-15,124
regrowth,2025-04-16,126
regrowth,2025-04-17,136
regrowth,2025-04-18,152
regrowth,2025-04-19,186
regrowth,2025-04-20,164
regrowth,2025-04-21,138
regrowth,2025-04-22,157
