accept_hour,duration_band,completion_day_offset,delivery_hour,test_records,share_within_accept_hour_and_band
7,over_360,0,13,27,0.123853
7,over_360,0,14,100,0.458716
7,over_360,0,15,45,0.206422
7,over_360,0,16,8,0.036697
7,over_360,0,17,5,0.022936
7,over_360,0,18,22,0.100917
7,over_360,0,19,7,0.032110
7,over_360,0,20,3,0.013761
7,over_360,1,8,1,0.004587
7,up_to_360,0,7,2,0.001251
7,up_to_360,0,8,151,0.094434
7,up_to_360,0,9,351,0.219512
7,up_to_360,0,10,361,0.225766
7,up_to_360,0,11,351,0.219512
7,up_to_360,0,12,261,0.163227
7,up_to_360,0,13,122,0.076298
8,over_360,0,14,192,0.199377
8,over_360,0,15,348,0.361371
8,over_360,0,16,181,0.187954
8,over_360,0,17,81,0.084112
8,over_360,0,18,84,0.087227
8,over_360,0,19,56,0.058152
8,over_360,0,20,16,0.016615
8,over_360,0,21,4,0.004154
8,over_360,0,23,1,0.001038
8,up_to_360,0,8,40,0.008273
8,up_to_360,0,9,651,0.134643
8,up_to_360,0,10,1011,0.209100
8,up_to_360,0,11,1081,0.223578
8,up_to_360,0,12,964,0.199380
8,up_to_360,0,13,765,0.158221
8,up_to_360,0,14,323,0.066805
9,over_360,0,15,128,0.275862
9,over_360,0,16,130,0.280172
9,over_360,0,17,75,0.161638
9,over_360,0,18,61,0.131466
9,over_360,0,19,45,0.096983
9,over_360,0,20,23,0.049569
9,over_360,0,21,1,0.002155
9,over_360,1,8,1,0.002155
9,up_to_360,0,9,192,0.061440
9,up_to_360,0,10,718,0.229760
9,up_to_360,0,11,726,0.232320
9,up_to_360,0,12,595,0.190400
9,up_to_360,0,13,472,0.151040
9,up_to_360,0,14,332,0.106240
9,up_to_360,0,15,90,0.028800
10,over_360,0,16,19,0.316667
10,over_360,0,17,14,0.233333
10,over_360,0,18,15,0.250000
10,over_360,0,19,4,0.066667
10,over_360,0,20,8,0.133333
10,up_to_360,0,10,74,0.143133
10,up_to_360,0,11,154,0.297872
10,up_to_360,0,12,123,0.237911
10,up_to_360,0,13,75,0.145068
10,up_to_360,0,14,56,0.108317
10,up_to_360,0,15,31,0.059961
10,up_to_360,0,16,4,0.007737
11,over_360,0,17,1,0.166667
11,over_360,0,18,2,0.333333
11,over_360,0,19,2,0.333333
11,over_360,0,20,1,0.166667
11,up_to_360,0,11,33,0.362637
11,up_to_360,0,12,23,0.252747
11,up_to_360,0,13,15,0.164835
11,up_to_360,0,14,12,0.131868
11,up_to_360,0,15,6,0.065934
11,up_to_360,0,16,2,0.021978
12,over_360,0,18,2,0.333333
12,over_360,0,19,3,0.500000
12,over_360,0,21,1,0.166667
12,up_to_360,0,12,20,0.217391
12,up_to_360,0,13,37,0.402174
12,up_to_360,0,14,22,0.239130
12,up_to_360,0,15,5,0.054348
12,up_to_360,0,16,5,0.054348
12,up_to_360,0,17,2,0.021739
12,up_to_360,0,18,1,0.010870
13,over_360,0,19,7,0.583333
13,over_360,0,20,5,0.416667
13,up_to_360,0,13,56,0.164223
13,up_to_360,0,14,125,0.366569
13,up_to_360,0,15,79,0.231672
13,up_to_360,0,16,42,0.123167
13,up_to_360,0,17,14,0.041056
13,up_to_360,0,18,20,0.058651
13,up_to_360,0,19,5,0.014663
14,over_360,0,20,2,0.666667
14,over_360,0,21,1,0.333333
14,up_to_360,0,14,50,0.197628
14,up_to_360,0,15,105,0.415020
14,up_to_360,0,16,65,0.256917
14,up_to_360,0,17,13,0.051383
14,up_to_360,0,18,5,0.019763
14,up_to_360,0,19,14,0.055336
14,up_to_360,0,20,1,0.003953
15,up_to_360,0,15,36,0.186528
15,up_to_360,0,16,74,0.383420
15,up_to_360,0,17,45,0.233161
15,up_to_360,0,18,21,0.108808
15,up_to_360,0,19,13,0.067358
15,up_to_360,0,20,4,0.020725
16,up_to_360,0,16,33,0.244444
16,up_to_360,0,17,49,0.362963
16,up_to_360,0,18,26,0.192593
16,up_to_360,0,19,17,0.125926
16,up_to_360,0,20,10,0.074074
17,up_to_360,0,17,17,0.772727
17,up_to_360,0,18,1,0.045455
17,up_to_360,0,19,4,0.181818
18,up_to_360,0,18,2,0.666667
18,up_to_360,0,19,1,0.333333
19,up_to_360,0,19,2,1.000000
22,up_to_360,0,22,1,1.000000
