accept_hour,test_records,accept_clock_median_minutes,delivery_clock_median_minutes,duration_median_minutes,duration_p90_minutes,same_day_records,cross_day_records,distinct_couriers,distinct_regions,largest_courier_share,courier_concentration_sum_squared_shares,largest_region_share
7,1817,466.000000,667.000000,204.000000,377.400000,1816,1,12,3,0.166758,0.133739,0.572372
8,5798,517.000000,726.000000,212.000000,415.000000,5798,0,21,4,0.149017,0.095153,0.342014
9,3589,557.000000,733.000000,172.000000,392.000000,3588,1,20,4,0.145444,0.091983,0.411257
10,577,612.000000,746.000000,129.000000,366.400000,577,0,15,4,0.509532,0.285361,0.630849
11,97,695.000000,757.000000,64.000000,217.000000,97,0,14,4,0.268041,0.180147,0.556701
12,98,752.000000,827.000000,71.500000,253.300000,98,0,14,4,0.285714,0.187214,0.489796
13,353,808.000000,897.000000,82.000000,272.800000,353,0,13,4,0.586402,0.392371,0.671388
14,256,869.000000,942.000000,72.500000,190.500000,256,0,14,4,0.566406,0.354950,0.746094
15,193,933.000000,1009.000000,76.000000,187.800000,193,0,11,4,0.414508,0.275148,0.502591
16,135,983.000000,1058.000000,70.000000,213.000000,135,0,9,4,0.340741,0.208340,0.570370
17,22,1034.000000,1067.000000,14.000000,114.900000,22,0,10,4,0.363636,0.190083,0.500000
18,3,1123.000000,1124.000000,1.000000,12.200000,3,0,3,2,0.333333,0.333333,0.666667
19,2,1179.000000,1179.500000,0.500000,0.900000,2,0,2,2,0.500000,0.500000,0.500000
22,1,1328.000000,1335.000000,7.000000,7.000000,1,0,1,1,1.000000,1.000000,1.000000
