grouping,reference_hour,target_hour,minimum_records_per_hour_in_group,supported_groups,target_records_covered,target_records,target_coverage_share,pooled_median_difference_minutes,weighted_within_group_median_difference_minutes,groups_with_shorter_target_median,groups_with_equal_target_median,groups_with_longer_target_median
courier,8,9,5,16,3498,3589,0.974645,-40.000000,-25.014437,12,1,3
region,8,9,5,4,3589,3589,1.000000,-40.000000,-44.262747,4,0,0
courier_day,8,9,3,67,764,3589,0.212873,-40.000000,-111.221859,50,0,17
courier,8,10,5,10,536,577,0.928943,-83.000000,-37.583022,7,0,3
region,8,10,5,4,577,577,1.000000,-83.000000,-84.195841,3,0,1
courier_day,8,10,3,1,21,577,0.036395,-83.000000,-328.500000,1,0,0
courier,8,13,5,6,334,353,0.946176,-130.000000,-70.380240,6,0,0
region,8,13,5,4,353,353,1.000000,-130.000000,-133.028329,4,0,0
courier_day,8,13,3,11,102,353,0.288952,-130.000000,-63.534314,11,0,0
courier,8,14,5,8,246,256,0.960938,-139.500000,-93.707317,8,0,0
region,8,14,5,4,256,256,1.000000,-139.500000,-147.531250,4,0,0
courier_day,8,14,3,8,47,256,0.183594,-139.500000,-108.074468,8,0,0
courier,8,15,5,6,181,193,0.937824,-136.000000,-105.497238,6,0,0
region,8,15,5,4,193,193,1.000000,-136.000000,-134.414508,4,0,0
courier_day,8,15,3,9,69,193,0.357513,-136.000000,-181.724638,9,0,0
