window_start,accept_hour,test_records,baseline_prediction_minutes,hour_prediction_minutes,prediction_shift_minutes,at_or_below_lower_prediction,between_predictions,at_or_above_upper_prediction,gain_below_minutes,gain_between_minutes,gain_above_minutes,tail_records,tail_gain_minutes,tail_gain_from_shift_minutes
2022-08-14,7,464,167.000000,181.000000,14.000000,166,26,272,-2324.000000,-36.000000,3808.000000,56,784.000000,784.000000
2022-08-14,8,1675,167.000000,195.000000,28.000000,553,127,995,-15484.000000,52.000000,27860.000000,316,8848.000000,8848.000000
2022-08-14,9,1050,167.000000,188.000000,21.000000,493,55,502,-10353.000000,-63.000000,10542.000000,160,3360.000000,3360.000000
2022-08-14,10,239,167.000000,180.000000,13.000000,145,9,85,-1885.000000,27.000000,1105.000000,22,286.000000,286.000000
2022-08-14,11,10,167.000000,161.000000,-6.000000,7,0,3,42.000000,0.000000,-18.000000,3,-18.000000,-18.000000
2022-08-14,12,8,167.000000,119.000000,-48.000000,8,0,0,384.000000,0.000000,0.000000,0,0.000000,0.000000
2022-08-14,13,79,167.000000,123.000000,-44.000000,54,13,12,2376.000000,-52.000000,-528.000000,0,0.000000,0.000000
2022-08-14,14,56,167.000000,125.000000,-42.000000,41,7,8,1722.000000,46.000000,-336.000000,0,0.000000,0.000000
2022-08-14,15,85,167.000000,114.000000,-53.000000,67,11,7,3551.000000,53.000000,-371.000000,0,0.000000,0.000000
2022-08-14,16,21,167.000000,100.000000,-67.000000,21,0,0,1407.000000,0.000000,0.000000,0,0.000000,0.000000
2022-08-14,17,11,167.000000,67.000000,-100.000000,9,2,0,900.000000,-78.000000,0.000000,0,0.000000,0.000000
2022-08-14,18,2,167.000000,72.500000,-94.500000,2,0,0,189.000000,0.000000,0.000000,0,0.000000,0.000000
2022-08-28,7,713,171.000000,186.000000,15.000000,304,35,374,-4560.000000,33.000000,5610.000000,82,1230.000000,1230.000000
2022-08-28,8,1338,171.000000,202.000000,31.000000,431,115,792,-13361.000000,175.000000,24552.000000,276,8556.000000,8556.000000
2022-08-28,9,1009,171.000000,186.000000,15.000000,463,36,510,-6945.000000,22.000000,7650.000000,155,2325.000000,2325.000000
2022-08-28,10,142,171.000000,175.000000,4.000000,96,0,46,-384.000000,0.000000,184.000000,8,32.000000,32.000000
2022-08-28,11,77,171.000000,160.000000,-11.000000,58,3,16,638.000000,5.000000,-176.000000,3,-33.000000,-33.000000
2022-08-28,12,32,171.000000,118.000000,-53.000000,23,6,3,1219.000000,-12.000000,-159.000000,1,-53.000000,-53.000000
2022-08-28,13,166,171.000000,121.000000,-50.000000,104,21,41,5200.000000,146.000000,-2050.000000,6,-300.000000,-300.000000
2022-08-28,14,68,171.000000,122.000000,-49.000000,58,5,5,2842.000000,67.000000,-245.000000,0,0.000000,0.000000
2022-08-28,15,48,171.000000,109.000000,-62.000000,32,8,8,1984.000000,20.000000,-496.000000,0,0.000000,0.000000
2022-08-28,16,84,171.000000,96.000000,-75.000000,50,21,13,3750.000000,-97.000000,-975.000000,0,0.000000,0.000000
2022-08-28,17,8,171.000000,64.500000,-106.500000,7,1,0,745.500000,7.500000,0.000000,0,0.000000,0.000000
2022-08-28,18,1,171.000000,69.500000,-101.500000,1,0,0,101.500000,0.000000,0.000000,0,0.000000,0.000000
2022-09-11,7,442,173.000000,188.000000,15.000000,166,28,248,-2490.000000,24.000000,3720.000000,47,705.000000,705.000000
2022-09-11,8,1468,173.000000,206.000000,33.000000,648,165,655,-21384.000000,-41.000000,21615.000000,172,5676.000000,5676.000000
2022-09-11,9,1096,173.000000,186.000000,13.000000,598,37,461,-7774.000000,45.000000,5993.000000,90,1170.000000,1170.000000
2022-09-11,10,158,173.000000,170.000000,-3.000000,108,3,47,324.000000,-1.000000,-141.000000,16,-48.000000,-48.000000
2022-09-11,11,7,173.000000,146.500000,-26.500000,7,0,0,185.500000,0.000000,0.000000,0,0.000000,0.000000
2022-09-11,12,30,173.000000,115.000000,-58.000000,23,0,7,1334.000000,0.000000,-406.000000,4,-232.000000,-232.000000
2022-09-11,13,52,173.000000,116.000000,-57.000000,42,3,7,2394.000000,41.000000,-399.000000,4,-228.000000,-228.000000
2022-09-11,14,109,173.000000,118.500000,-54.500000,80,16,13,4360.000000,28.000000,-708.500000,1,-54.500000,-54.500000
2022-09-11,15,53,173.000000,107.000000,-66.000000,37,9,7,2442.000000,48.000000,-462.000000,0,0.000000,0.000000
2022-09-11,16,27,173.000000,93.000000,-80.000000,14,3,10,1120.000000,-54.000000,-800.000000,0,0.000000,0.000000
2022-09-11,17,2,173.000000,63.000000,-110.000000,2,0,0,220.000000,0.000000,0.000000,0,0.000000,0.000000
2022-09-11,19,1,173.000000,65.000000,-108.000000,1,0,0,108.000000,0.000000,0.000000,0,0.000000,0.000000
2022-09-11,22,1,173.000000,173.000000,0.000000,1,0,0,0.000000,0.000000,0.000000,0,0.000000,0.000000
2022-09-25,7,198,173.000000,191.000000,18.000000,71,4,123,-1278.000000,8.000000,2214.000000,33,594.000000,594.000000
2022-09-25,8,1317,173.000000,204.000000,31.000000,548,137,632,-16988.000000,-259.000000,19592.000000,199,6169.000000,6169.000000
2022-09-25,9,434,173.000000,181.000000,8.000000,235,12,187,-1880.000000,14.000000,1496.000000,59,472.000000,472.000000
2022-09-25,10,38,173.000000,166.000000,-7.000000,9,0,29,63.000000,0.000000,-203.000000,14,-98.000000,-98.000000
2022-09-25,11,3,173.000000,145.000000,-28.000000,2,0,1,56.000000,0.000000,-28.000000,0,0.000000,0.000000
2022-09-25,12,28,173.000000,110.000000,-63.000000,19,4,5,1197.000000,26.000000,-315.000000,1,-63.000000,-63.000000
2022-09-25,13,56,173.000000,114.000000,-59.000000,42,5,9,2478.000000,-39.000000,-531.000000,2,-118.000000,-118.000000
2022-09-25,14,23,173.000000,112.000000,-61.000000,16,1,6,976.000000,-3.000000,-366.000000,2,-122.000000,-122.000000
2022-09-25,15,7,173.000000,104.000000,-69.000000,2,2,3,138.000000,-94.000000,-207.000000,0,0.000000,0.000000
2022-09-25,16,3,173.000000,93.000000,-80.000000,1,1,1,80.000000,76.000000,-80.000000,0,0.000000,0.000000
2022-09-25,17,1,173.000000,63.000000,-110.000000,0,1,0,0.000000,-20.000000,0.000000,0,0.000000,0.000000
2022-09-25,19,1,173.000000,63.000000,-110.000000,1,0,0,110.000000,0.000000,0.000000,0,0.000000,0.000000
