clock,comparison,region,before_records,before_unique_couriers,before_courier_days,before_records_per_day,before_records_per_active_courier_day,after_records,after_unique_couriers,after_courier_days,after_records_per_day,after_records_per_active_courier_day,before_share,after_share,delta_records_per_day,share_of_total_decline,before_courier_day_share,after_courier_day_share,mix_contribution_to_productivity,within_region_contribution_to_productivity
delivery,primary_7d,region_1,408,5,19,58.28571429,21.47368421,216,4,15,30.85714286,14.40000000,0.24329159,0.32876712,-27.42857143,0.18823529,0.21111111,0.30000000,1.59438596,-1.80771930
delivery,primary_7d,region_2,126,3,17,18.00000000,7.41176471,79,1,7,11.28571429,11.28571429,0.07513417,0.12024353,-6.71428571,0.04607843,0.18888889,0.14000000,-0.45704949,0.63704949
delivery,primary_7d,region_3,513,3,21,73.28571429,24.42857143,230,5,12,32.85714286,19.16666667,0.30590340,0.35007610,-40.42857143,0.27745098,0.23333333,0.24000000,0.14531746,-1.24531746
delivery,primary_7d,region_4,630,7,33,90.00000000,19.09090909,132,7,16,18.85714286,8.25000000,0.37567084,0.20091324,-71.14285714,0.48823529,0.36666667,0.32000000,-0.63795455,-3.72204545
delivery,earlier_baseline_7d,region_1,480,4,21,68.57142857,22.85714286,216,4,15,30.85714286,14.40000000,0.28318584,0.32876712,-37.71428571,0.25433526,0.23595506,0.30000000,1.19306581,-2.26632424
delivery,earlier_baseline_7d,region_2,174,3,16,24.85714286,10.87500000,79,1,7,11.28571429,11.28571429,0.10265487,0.12024353,-13.57142857,0.09152216,0.17977528,0.14000000,-0.44072432,0.06566814
delivery,earlier_baseline_7d,region_3,439,3,21,62.71428571,20.90476190,230,5,12,32.85714286,19.16666667,0.25899705,0.35007610,-29.85714286,0.20134875,0.23595506,0.24000000,0.08104334,-0.41362761
delivery,earlier_baseline_7d,region_4,602,5,31,86.00000000,19.41935484,132,7,16,18.85714286,8.25000000,0.35516224,0.20091324,-67.14285714,0.45279383,0.34831461,0.32000000,-0.39172345,-3.73232149
delivery,equal_6d,region_1,341,5,17,56.83333333,20.05882353,194,4,13,32.33333333,14.92307692,0.24305061,0.32495812,-24.50000000,0.18238213,0.21518987,0.29545455,1.40390538,-1.31127017
delivery,equal_6d,region_2,108,3,15,18.00000000,7.20000000,59,1,6,9.83333333,9.83333333,0.07697790,0.09882747,-8.16666667,0.06079404,0.18987342,0.13636364,-0.45572497,0.42954545
delivery,equal_6d,region_3,429,3,18,71.50000000,23.83333333,214,5,11,35.66666667,19.45454545,0.30577334,0.35845896,-35.83333333,0.26674938,0.22784810,0.25000000,0.47945435,-1.04619774
delivery,equal_6d,region_4,525,7,29,87.50000000,18.10344828,130,6,14,21.66666667,9.28571429,0.37419815,0.21775544,-65.83333333,0.49007444,0.36708861,0.31818182,-0.66975800,-3.02126616
delivery,shift_after_7d,region_1,408,5,19,58.28571429,21.47368421,168,2,14,24.00000000,12.00000000,0.24329159,0.35744681,-34.28571429,0.19884010,0.21111111,0.32558140,1.91587107,-2.54222766
delivery,shift_after_7d,region_2,126,3,17,18.00000000,7.41176471,71,1,7,10.14285714,10.14285714,0.07513417,0.15106383,-7.85714286,0.04556752,0.18888889,0.16279070,-0.22907194,0.48023473
delivery,shift_after_7d,region_3,513,3,21,73.28571429,24.42857143,180,5,10,25.71428571,18.00000000,0.30590340,0.38297872,-47.57142857,0.27589064,0.23333333,0.23255814,-0.01644518,-1.49750831
delivery,shift_after_7d,region_4,630,7,33,90.00000000,19.09090909,51,7,12,7.28571429,4.25000000,0.37567084,0.10851064,-82.71428571,0.47970174,0.36666667,0.27906977,-1.02229563,-4.79165786
accept,primary_7d,region_1,408,5,19,58.28571429,21.47368421,216,4,15,30.85714286,14.40000000,0.24329159,0.32876712,-27.42857143,0.18823529,0.20879121,0.30000000,1.63599769,-1.79951417
accept,primary_7d,region_2,126,3,18,18.00000000,7.00000000,79,1,7,11.28571429,11.28571429,0.07513417,0.12024353,-6.71428571,0.04607843,0.19780220,0.14000000,-0.52847724,0.72386185
accept,primary_7d,region_3,513,3,21,73.28571429,24.42857143,230,5,12,32.85714286,19.16666667,0.30590340,0.35007610,-40.42857143,0.27745098,0.23076923,0.24000000,0.20120879,-1.23857143
accept,primary_7d,region_4,630,7,33,90.00000000,19.09090909,132,7,16,18.85714286,8.25000000,0.37567084,0.20091324,-71.14285714,0.48823529,0.36263736,0.32000000,-0.58287213,-3.70020480
accept,earlier_baseline_7d,region_1,480,4,21,68.57142857,22.85714286,216,4,15,30.85714286,14.40000000,0.28318584,0.32876712,-37.71428571,0.25433526,0.23595506,0.30000000,1.19306581,-2.26632424
accept,earlier_baseline_7d,region_2,174,3,16,24.85714286,10.87500000,79,1,7,11.28571429,11.28571429,0.10265487,0.12024353,-13.57142857,0.09152216,0.17977528,0.14000000,-0.44072432,0.06566814
accept,earlier_baseline_7d,region_3,439,3,21,62.71428571,20.90476190,230,5,12,32.85714286,19.16666667,0.25899705,0.35007610,-29.85714286,0.20134875,0.23595506,0.24000000,0.08104334,-0.41362761
accept,earlier_baseline_7d,region_4,602,5,31,86.00000000,19.41935484,132,7,16,18.85714286,8.25000000,0.35516224,0.20091324,-67.14285714,0.45279383,0.34831461,0.32000000,-0.39172345,-3.73232149
accept,equal_6d,region_1,341,5,17,56.83333333,20.05882353,194,4,13,32.33333333,14.92307692,0.24322397,0.32495812,-24.50000000,0.18260870,0.21518987,0.29545455,1.40390538,-1.31127017
accept,equal_6d,region_2,107,3,15,17.83333333,7.13333333,59,1,6,9.83333333,9.83333333,0.07631954,0.09882747,-8.00000000,0.05962733,0.18987342,0.13636364,-0.45394131,0.44042002
accept,equal_6d,region_3,429,3,18,71.50000000,23.83333333,214,5,11,35.66666667,19.45454545,0.30599144,0.35845896,-35.83333333,0.26708075,0.22784810,0.25000000,0.47945435,-1.04619774
accept,equal_6d,region_4,525,7,29,87.50000000,18.10344828,130,6,14,21.66666667,9.28571429,0.37446505,0.21775544,-65.83333333,0.49068323,0.36708861,0.31818182,-0.66975800,-3.02126616
accept,shift_after_7d,region_1,408,5,19,58.28571429,21.47368421,168,2,14,24.00000000,12.00000000,0.24329159,0.35744681,-34.28571429,0.19884010,0.20879121,0.32558140,1.95469891,-2.53123865
accept,shift_after_7d,region_2,126,3,18,18.00000000,7.00000000,71,1,7,10.14285714,10.14285714,0.07513417,0.15106383,-7.85714286,0.04556752,0.19780220,0.16279070,-0.30009857,0.56664598
accept,shift_after_7d,region_3,513,3,21,73.28571429,24.42857143,180,5,10,25.71428571,18.00000000,0.30590340,0.38297872,-47.57142857,0.27589064,0.23076923,0.23255814,0.03795042,-1.48926655
accept,shift_after_7d,region_4,630,7,33,90.00000000,19.09090909,51,7,12,7.28571429,4.25000000,0.37567084,0.10851064,-82.71428571,0.47970174,0.36263736,0.27906977,-0.97527182,-4.76175859
