clock,last_observed_date,couriers_active_in_september24_30
delivery,2022-09-25,1
delivery,2022-09-27,1
delivery,2022-09-29,1
delivery,2022-09-30,2
delivery,2022-10-01,1
delivery,2022-10-02,7
delivery,2022-10-08,1
delivery,2022-10-15,1
delivery,2022-10-19,1
delivery,2022-10-21,1
delivery,2022-10-28,1
accept,2022-09-25,1
accept,2022-09-27,1
accept,2022-09-29,1
accept,2022-09-30,2
accept,2022-10-01,1
accept,2022-10-02,7
accept,2022-10-08,1
accept,2022-10-15,1
accept,2022-10-19,1
accept,2022-10-21,1
accept,2022-10-28,1
