clock,comparison,cohort,before_records,before_unique_couriers,before_courier_days,before_records_per_day,before_records_per_active_courier_day,after_records,after_unique_couriers,after_courier_days,after_records_per_day,after_records_per_active_courier_day,delta_records_per_day
delivery,primary_7d,shared,1528,13,73,218.28571429,20.93150685,479,13,37,68.42857143,12.94594595,-149.85714286
delivery,primary_7d,before_only,149,5,17,21.28571429,8.76470588,0,0,0,0.00000000,,-21.28571429
delivery,primary_7d,after_only,0,0,0,0.00000000,,178,4,13,25.42857143,13.69230769,25.42857143
delivery,earlier_baseline_7d,shared,1537,11,72,219.57142857,21.34722222,472,11,30,67.42857143,15.73333333,-152.14285714
delivery,earlier_baseline_7d,before_only,158,4,17,22.57142857,9.29411765,0,0,0,0.00000000,,-22.57142857
delivery,earlier_baseline_7d,after_only,0,0,0,0.00000000,,185,6,20,26.42857143,9.25000000,26.42857143
delivery,equal_6d,shared,1269,12,61,211.50000000,20.80327869,442,12,33,73.66666667,13.39393939,-137.83333333
delivery,equal_6d,before_only,134,6,18,22.33333333,7.44444444,0,0,0,0.00000000,,-22.33333333
delivery,equal_6d,after_only,0,0,0,0.00000000,,155,4,11,25.83333333,14.09090909,25.83333333
delivery,shift_after_7d,shared,1397,12,67,199.57142857,20.85074627,292,12,29,41.71428571,10.06896552,-157.85714286
delivery,shift_after_7d,before_only,280,6,23,40.00000000,12.17391304,0,0,0,0.00000000,,-40.00000000
delivery,shift_after_7d,after_only,0,0,0,0.00000000,,178,3,14,25.42857143,12.71428571,25.42857143
accept,primary_7d,shared,1528,13,74,218.28571429,20.64864865,479,13,37,68.42857143,12.94594595,-149.85714286
accept,primary_7d,before_only,149,5,17,21.28571429,8.76470588,0,0,0,0.00000000,,-21.28571429
accept,primary_7d,after_only,0,0,0,0.00000000,,178,4,13,25.42857143,13.69230769,25.42857143
accept,earlier_baseline_7d,shared,1537,11,72,219.57142857,21.34722222,472,11,30,67.42857143,15.73333333,-152.14285714
accept,earlier_baseline_7d,before_only,158,4,17,22.57142857,9.29411765,0,0,0,0.00000000,,-22.57142857
accept,earlier_baseline_7d,after_only,0,0,0,0.00000000,,185,6,20,26.42857143,9.25000000,26.42857143
accept,equal_6d,shared,1268,12,61,211.33333333,20.78688525,442,12,33,73.66666667,13.39393939,-137.66666667
accept,equal_6d,before_only,134,6,18,22.33333333,7.44444444,0,0,0,0.00000000,,-22.33333333
accept,equal_6d,after_only,0,0,0,0.00000000,,155,4,11,25.83333333,14.09090909,25.83333333
accept,shift_after_7d,shared,1397,12,68,199.57142857,20.54411765,292,12,29,41.71428571,10.06896552,-157.85714286
accept,shift_after_7d,before_only,280,6,23,40.00000000,12.17391304,0,0,0,0.00000000,,-40.00000000
accept,shift_after_7d,after_only,0,0,0,0.00000000,,178,3,14,25.42857143,12.71428571,25.42857143
