clock,date,region,city_date_observed,records,active_couriers
delivery,2022-05-12,region_1,True,0.00000000,0.00000000
delivery,2022-05-12,region_2,True,4.00000000,2.00000000
delivery,2022-05-12,region_3,True,0.00000000,0.00000000
delivery,2022-05-12,region_4,True,0.00000000,0.00000000
delivery,2022-05-13,region_1,True,3.00000000,1.00000000
delivery,2022-05-13,region_2,True,2.00000000,1.00000000
delivery,2022-05-13,region_3,True,2.00000000,2.00000000
delivery,2022-05-13,region_4,True,2.00000000,2.00000000
delivery,2022-05-14,region_1,True,1.00000000,1.00000000
delivery,2022-05-14,region_2,True,25.00000000,3.00000000
delivery,2022-05-14,region_3,True,2.00000000,2.00000000
delivery,2022-05-14,region_4,True,3.00000000,2.00000000
delivery,2022-05-15,region_1,True,1.00000000,1.00000000
delivery,2022-05-15,region_2,True,21.00000000,3.00000000
delivery,2022-05-15,region_3,True,3.00000000,2.00000000
delivery,2022-05-15,region_4,True,0.00000000,0.00000000
delivery,2022-05-16,region_1,True,18.00000000,2.00000000
delivery,2022-05-16,region_2,True,23.00000000,3.00000000
delivery,2022-05-16,region_3,True,59.00000000,3.00000000
delivery,2022-05-16,region_4,True,56.00000000,4.00000000
delivery,2022-05-17,region_1,True,34.00000000,2.00000000
delivery,2022-05-17,region_2,True,45.00000000,3.00000000
delivery,2022-05-17,region_3,True,76.00000000,3.00000000
delivery,2022-05-17,region_4,True,60.00000000,3.00000000
delivery,2022-05-18,region_1,True,8.00000000,2.00000000
delivery,2022-05-18,region_2,True,23.00000000,3.00000000
delivery,2022-05-18,region_3,True,48.00000000,3.00000000
delivery,2022-05-18,region_4,True,1.00000000,1.00000000
delivery,2022-05-19,region_1,True,5.00000000,2.00000000
delivery,2022-05-19,region_2,True,34.00000000,3.00000000
delivery,2022-05-19,region_3,True,22.00000000,3.00000000
delivery,2022-05-19,region_4,True,3.00000000,2.00000000
delivery,2022-05-20,region_1,True,0.00000000,0.00000000
delivery,2022-05-20,region_2,True,23.00000000,3.00000000
delivery,2022-05-20,region_3,True,78.00000000,3.00000000
delivery,2022-05-20,region_4,True,1.00000000,1.00000000
delivery,2022-05-21,region_1,True,0.00000000,0.00000000
delivery,2022-05-21,region_2,True,28.00000000,3.00000000
delivery,2022-05-21,region_3,True,44.00000000,3.00000000
delivery,2022-05-21,region_4,True,1.00000000,1.00000000
delivery,2022-05-22,region_1,True,0.00000000,0.00000000
delivery,2022-05-22,region_2,True,17.00000000,2.00000000
delivery,2022-05-22,region_3,True,2.00000000,2.00000000
delivery,2022-05-22,region_4,True,3.00000000,2.00000000
delivery,2022-05-23,region_1,True,2.00000000,1.00000000
delivery,2022-05-23,region_2,True,19.00000000,3.00000000
delivery,2022-05-23,region_3,True,0.00000000,0.00000000
delivery,2022-05-23,region_4,True,1.00000000,1.00000000
delivery,2022-05-24,region_1,True,0.00000000,0.00000000
delivery,2022-05-24,region_2,True,18.00000000,3.00000000
delivery,2022-05-24,region_3,True,81.00000000,5.00000000
delivery,2022-05-24,region_4,True,2.00000000,2.00000000
delivery,2022-05-25,region_1,True,1.00000000,1.00000000
delivery,2022-05-25,region_2,True,27.00000000,3.00000000
delivery,2022-05-25,region_3,True,40.00000000,5.00000000
delivery,2022-05-25,region_4,True,1.00000000,1.00000000
delivery,2022-05-26,region_1,True,0.00000000,0.00000000
delivery,2022-05-26,region_2,True,40.00000000,3.00000000
delivery,2022-05-26,region_3,True,18.00000000,4.00000000
delivery,2022-05-26,region_4,True,3.00000000,3.00000000
delivery,2022-05-27,region_1,True,3.00000000,2.00000000
delivery,2022-05-27,region_2,True,29.00000000,3.00000000
delivery,2022-05-27,region_3,True,63.00000000,5.00000000
delivery,2022-05-27,region_4,True,3.00000000,2.00000000
delivery,2022-05-28,region_1,True,5.00000000,2.00000000
delivery,2022-05-28,region_2,True,35.00000000,3.00000000
delivery,2022-05-28,region_3,True,65.00000000,5.00000000
delivery,2022-05-28,region_4,True,40.00000000,5.00000000
delivery,2022-05-29,region_1,True,62.00000000,4.00000000
delivery,2022-05-29,region_2,True,29.00000000,2.00000000
delivery,2022-05-29,region_3,True,154.00000000,6.00000000
delivery,2022-05-29,region_4,True,187.00000000,7.00000000
delivery,2022-05-30,region_1,True,13.00000000,3.00000000
delivery,2022-05-30,region_2,True,16.00000000,3.00000000
delivery,2022-05-30,region_3,True,129.00000000,7.00000000
delivery,2022-05-30,region_4,True,135.00000000,7.00000000
delivery,2022-05-31,region_1,True,23.00000000,3.00000000
delivery,2022-05-31,region_2,True,16.00000000,2.00000000
delivery,2022-05-31,region_3,True,94.00000000,7.00000000
delivery,2022-05-31,region_4,True,42.00000000,8.00000000
delivery,2022-06-01,region_1,True,61.00000000,4.00000000
delivery,2022-06-01,region_2,True,19.00000000,3.00000000
delivery,2022-06-01,region_3,True,111.00000000,7.00000000
delivery,2022-06-01,region_4,True,68.00000000,8.00000000
delivery,2022-06-02,region_1,True,7.00000000,2.00000000
delivery,2022-06-02,region_2,True,48.00000000,3.00000000
delivery,2022-06-02,region_3,True,11.00000000,3.00000000
delivery,2022-06-02,region_4,True,2.00000000,2.00000000
delivery,2022-06-03,region_1,True,94.00000000,4.00000000
delivery,2022-06-03,region_2,True,19.00000000,2.00000000
delivery,2022-06-03,region_3,True,80.00000000,5.00000000
delivery,2022-06-03,region_4,True,92.00000000,8.00000000
delivery,2022-06-04,region_1,True,64.00000000,5.00000000
delivery,2022-06-04,region_2,True,26.00000000,2.00000000
delivery,2022-06-04,region_3,True,65.00000000,7.00000000
delivery,2022-06-04,region_4,True,113.00000000,9.00000000
delivery,2022-06-05,region_1,True,34.00000000,4.00000000
delivery,2022-06-05,region_2,True,33.00000000,3.00000000
delivery,2022-06-05,region_3,True,59.00000000,8.00000000
delivery,2022-06-05,region_4,True,8.00000000,5.00000000
delivery,2022-06-06,region_1,True,29.00000000,4.00000000
delivery,2022-06-06,region_2,True,33.00000000,3.00000000
delivery,2022-06-06,region_3,True,116.00000000,7.00000000
delivery,2022-06-06,region_4,True,8.00000000,5.00000000
delivery,2022-06-07,region_1,True,38.00000000,4.00000000
delivery,2022-06-07,region_2,True,22.00000000,3.00000000
delivery,2022-06-07,region_3,True,83.00000000,5.00000000
delivery,2022-06-07,region_4,True,55.00000000,7.00000000
delivery,2022-06-08,region_1,True,56.00000000,5.00000000
delivery,2022-06-08,region_2,True,26.00000000,3.00000000
delivery,2022-06-08,region_3,True,54.00000000,5.00000000
delivery,2022-06-08,region_4,True,142.00000000,7.00000000
delivery,2022-06-09,region_1,True,87.00000000,4.00000000
delivery,2022-06-09,region_2,True,28.00000000,3.00000000
delivery,2022-06-09,region_3,True,74.00000000,3.00000000
delivery,2022-06-09,region_4,True,83.00000000,4.00000000
delivery,2022-06-10,region_1,True,76.00000000,5.00000000
delivery,2022-06-10,region_2,True,21.00000000,3.00000000
delivery,2022-06-10,region_3,True,61.00000000,3.00000000
delivery,2022-06-10,region_4,True,78.00000000,4.00000000
delivery,2022-06-11,region_1,True,81.00000000,3.00000000
delivery,2022-06-11,region_2,True,20.00000000,2.00000000
delivery,2022-06-11,region_3,True,77.00000000,3.00000000
delivery,2022-06-11,region_4,True,72.00000000,3.00000000
delivery,2022-06-12,region_1,True,102.00000000,4.00000000
delivery,2022-06-12,region_2,True,23.00000000,3.00000000
delivery,2022-06-12,region_3,True,63.00000000,4.00000000
delivery,2022-06-12,region_4,True,54.00000000,3.00000000
delivery,2022-06-13,region_1,True,95.00000000,4.00000000
delivery,2022-06-13,region_2,True,30.00000000,3.00000000
delivery,2022-06-13,region_3,True,56.00000000,4.00000000
delivery,2022-06-13,region_4,True,73.00000000,4.00000000
delivery,2022-06-14,region_1,True,73.00000000,3.00000000
delivery,2022-06-14,region_2,True,20.00000000,2.00000000
delivery,2022-06-14,region_3,True,64.00000000,3.00000000
delivery,2022-06-14,region_4,True,73.00000000,4.00000000
delivery,2022-06-15,region_1,True,51.00000000,3.00000000
delivery,2022-06-15,region_2,True,21.00000000,3.00000000
delivery,2022-06-15,region_3,True,46.00000000,3.00000000
delivery,2022-06-15,region_4,True,46.00000000,4.00000000
delivery,2022-06-16,region_1,True,28.00000000,3.00000000
delivery,2022-06-16,region_2,True,8.00000000,3.00000000
delivery,2022-06-16,region_3,True,26.00000000,3.00000000
delivery,2022-06-16,region_4,True,31.00000000,4.00000000
delivery,2022-06-17,region_1,True,88.00000000,3.00000000
delivery,2022-06-17,region_2,True,35.00000000,2.00000000
delivery,2022-06-17,region_3,True,131.00000000,8.00000000
delivery,2022-06-17,region_4,True,102.00000000,7.00000000
delivery,2022-06-18,region_1,True,71.00000000,4.00000000
delivery,2022-06-18,region_2,True,50.00000000,3.00000000
delivery,2022-06-18,region_3,True,175.00000000,9.00000000
delivery,2022-06-18,region_4,True,131.00000000,8.00000000
delivery,2022-06-19,region_1,True,51.00000000,5.00000000
delivery,2022-06-19,region_2,True,52.00000000,3.00000000
delivery,2022-06-19,region_3,True,86.00000000,8.00000000
delivery,2022-06-19,region_4,True,111.00000000,10.00000000
delivery,2022-06-20,region_1,True,1.00000000,1.00000000
delivery,2022-06-20,region_2,True,0.00000000,0.00000000
delivery,2022-06-20,region_3,True,0.00000000,0.00000000
delivery,2022-06-20,region_4,True,0.00000000,0.00000000
delivery,2022-06-21,region_1,False,,
delivery,2022-06-21,region_2,False,,
delivery,2022-06-21,region_3,False,,
delivery,2022-06-21,region_4,False,,
delivery,2022-06-22,region_1,True,0.00000000,0.00000000
delivery,2022-06-22,region_2,True,0.00000000,0.00000000
delivery,2022-06-22,region_3,True,0.00000000,0.00000000
delivery,2022-06-22,region_4,True,8.00000000,1.00000000
delivery,2022-06-23,region_1,True,4.00000000,3.00000000
delivery,2022-06-23,region_2,True,0.00000000,0.00000000
delivery,2022-06-23,region_3,True,0.00000000,0.00000000
delivery,2022-06-23,region_4,True,3.00000000,3.00000000
delivery,2022-06-24,region_1,True,8.00000000,3.00000000
delivery,2022-06-24,region_2,True,6.00000000,2.00000000
delivery,2022-06-24,region_3,True,11.00000000,5.00000000
delivery,2022-06-24,region_4,True,12.00000000,4.00000000
delivery,2022-06-25,region_1,True,10.00000000,4.00000000
delivery,2022-06-25,region_2,True,0.00000000,0.00000000
delivery,2022-06-25,region_3,True,15.00000000,3.00000000
delivery,2022-06-25,region_4,True,5.00000000,4.00000000
delivery,2022-06-26,region_1,True,13.00000000,3.00000000
delivery,2022-06-26,region_2,True,48.00000000,3.00000000
delivery,2022-06-26,region_3,True,7.00000000,3.00000000
delivery,2022-06-26,region_4,True,19.00000000,4.00000000
delivery,2022-06-27,region_1,True,115.00000000,5.00000000
delivery,2022-06-27,region_2,True,34.00000000,3.00000000
delivery,2022-06-27,region_3,True,68.00000000,4.00000000
delivery,2022-06-27,region_4,True,70.00000000,5.00000000
delivery,2022-06-28,region_1,True,105.00000000,4.00000000
delivery,2022-06-28,region_2,True,25.00000000,3.00000000
delivery,2022-06-28,region_3,True,73.00000000,3.00000000
delivery,2022-06-28,region_4,True,64.00000000,4.00000000
delivery,2022-06-29,region_1,True,72.00000000,4.00000000
delivery,2022-06-29,region_2,True,23.00000000,3.00000000
delivery,2022-06-29,region_3,True,79.00000000,3.00000000
delivery,2022-06-29,region_4,True,85.00000000,5.00000000
delivery,2022-06-30,region_1,True,67.00000000,3.00000000
delivery,2022-06-30,region_2,True,28.00000000,3.00000000
delivery,2022-06-30,region_3,True,66.00000000,3.00000000
delivery,2022-06-30,region_4,True,84.00000000,4.00000000
delivery,2022-07-01,region_1,True,59.00000000,3.00000000
delivery,2022-07-01,region_2,True,24.00000000,3.00000000
delivery,2022-07-01,region_3,True,50.00000000,3.00000000
delivery,2022-07-01,region_4,True,64.00000000,4.00000000
delivery,2022-07-02,region_1,True,71.00000000,3.00000000
delivery,2022-07-02,region_2,True,23.00000000,3.00000000
delivery,2022-07-02,region_3,True,58.00000000,3.00000000
delivery,2022-07-02,region_4,True,67.00000000,5.00000000
delivery,2022-07-03,region_1,True,64.00000000,4.00000000
delivery,2022-07-03,region_2,True,25.00000000,3.00000000
delivery,2022-07-03,region_3,True,60.00000000,3.00000000
delivery,2022-07-03,region_4,True,67.00000000,4.00000000
delivery,2022-07-04,region_1,True,60.00000000,3.00000000
delivery,2022-07-04,region_2,True,27.00000000,3.00000000
delivery,2022-07-04,region_3,True,71.00000000,3.00000000
delivery,2022-07-04,region_4,True,73.00000000,4.00000000
delivery,2022-07-05,region_1,True,54.00000000,5.00000000
delivery,2022-07-05,region_2,True,22.00000000,3.00000000
delivery,2022-07-05,region_3,True,60.00000000,3.00000000
delivery,2022-07-05,region_4,True,63.00000000,4.00000000
delivery,2022-07-06,region_1,True,66.00000000,4.00000000
delivery,2022-07-06,region_2,True,25.00000000,3.00000000
delivery,2022-07-06,region_3,True,47.00000000,3.00000000
delivery,2022-07-06,region_4,True,74.00000000,4.00000000
delivery,2022-07-07,region_1,True,58.00000000,2.00000000
delivery,2022-07-07,region_2,True,24.00000000,3.00000000
delivery,2022-07-07,region_3,True,42.00000000,3.00000000
delivery,2022-07-07,region_4,True,67.00000000,4.00000000
delivery,2022-07-08,region_1,True,60.00000000,3.00000000
delivery,2022-07-08,region_2,True,21.00000000,3.00000000
delivery,2022-07-08,region_3,True,39.00000000,3.00000000
delivery,2022-07-08,region_4,True,63.00000000,4.00000000
delivery,2022-07-09,region_1,True,28.00000000,2.00000000
delivery,2022-07-09,region_2,True,12.00000000,2.00000000
delivery,2022-07-09,region_3,True,45.00000000,3.00000000
delivery,2022-07-09,region_4,True,73.00000000,4.00000000
delivery,2022-07-10,region_1,True,19.00000000,2.00000000
delivery,2022-07-10,region_2,True,11.00000000,3.00000000
delivery,2022-07-10,region_3,True,42.00000000,3.00000000
delivery,2022-07-10,region_4,True,64.00000000,4.00000000
delivery,2022-07-11,region_1,True,47.00000000,4.00000000
delivery,2022-07-11,region_2,True,6.00000000,2.00000000
delivery,2022-07-11,region_3,True,37.00000000,3.00000000
delivery,2022-07-11,region_4,True,40.00000000,4.00000000
delivery,2022-07-12,region_1,True,42.00000000,4.00000000
delivery,2022-07-12,region_2,True,5.00000000,2.00000000
delivery,2022-07-12,region_3,True,36.00000000,3.00000000
delivery,2022-07-12,region_4,True,55.00000000,4.00000000
delivery,2022-07-13,region_1,True,39.00000000,4.00000000
delivery,2022-07-13,region_2,True,14.00000000,3.00000000
delivery,2022-07-13,region_3,True,35.00000000,3.00000000
delivery,2022-07-13,region_4,True,39.00000000,4.00000000
delivery,2022-07-14,region_1,True,65.00000000,3.00000000
delivery,2022-07-14,region_2,True,21.00000000,3.00000000
delivery,2022-07-14,region_3,True,61.00000000,3.00000000
delivery,2022-07-14,region_4,True,97.00000000,4.00000000
delivery,2022-07-15,region_1,True,67.00000000,4.00000000
delivery,2022-07-15,region_2,True,32.00000000,3.00000000
delivery,2022-07-15,region_3,True,52.00000000,3.00000000
delivery,2022-07-15,region_4,True,75.00000000,4.00000000
delivery,2022-07-16,region_1,True,62.00000000,3.00000000
delivery,2022-07-16,region_2,True,25.00000000,3.00000000
delivery,2022-07-16,region_3,True,54.00000000,3.00000000
delivery,2022-07-16,region_4,True,77.00000000,4.00000000
delivery,2022-07-17,region_1,True,64.00000000,2.00000000
delivery,2022-07-17,region_2,True,14.00000000,2.00000000
delivery,2022-07-17,region_3,True,70.00000000,3.00000000
delivery,2022-07-17,region_4,True,82.00000000,4.00000000
delivery,2022-07-18,region_1,True,68.00000000,3.00000000
delivery,2022-07-18,region_2,True,28.00000000,3.00000000
delivery,2022-07-18,region_3,True,48.00000000,3.00000000
delivery,2022-07-18,region_4,True,76.00000000,4.00000000
delivery,2022-07-19,region_1,True,53.00000000,3.00000000
delivery,2022-07-19,region_2,True,32.00000000,2.00000000
delivery,2022-07-19,region_3,True,54.00000000,3.00000000
delivery,2022-07-19,region_4,True,79.00000000,4.00000000
delivery,2022-07-20,region_1,True,55.00000000,3.00000000
delivery,2022-07-20,region_2,True,22.00000000,3.00000000
delivery,2022-07-20,region_3,True,45.00000000,3.00000000
delivery,2022-07-20,region_4,True,81.00000000,4.00000000
delivery,2022-07-21,region_1,True,67.00000000,3.00000000
delivery,2022-07-21,region_2,True,39.00000000,2.00000000
delivery,2022-07-21,region_3,True,46.00000000,3.00000000
delivery,2022-07-21,region_4,True,89.00000000,4.00000000
delivery,2022-07-22,region_1,True,75.00000000,3.00000000
delivery,2022-07-22,region_2,True,28.00000000,3.00000000
delivery,2022-07-22,region_3,True,60.00000000,3.00000000
delivery,2022-07-22,region_4,True,83.00000000,4.00000000
delivery,2022-07-23,region_1,True,83.00000000,3.00000000
delivery,2022-07-23,region_2,True,21.00000000,3.00000000
delivery,2022-07-23,region_3,True,50.00000000,3.00000000
delivery,2022-07-23,region_4,True,77.00000000,4.00000000
delivery,2022-07-24,region_1,True,55.00000000,3.00000000
delivery,2022-07-24,region_2,True,21.00000000,3.00000000
delivery,2022-07-24,region_3,True,69.00000000,3.00000000
delivery,2022-07-24,region_4,True,93.00000000,4.00000000
delivery,2022-07-25,region_1,True,77.00000000,3.00000000
delivery,2022-07-25,region_2,True,24.00000000,3.00000000
delivery,2022-07-25,region_3,True,67.00000000,3.00000000
delivery,2022-07-25,region_4,True,95.00000000,4.00000000
delivery,2022-07-26,region_1,True,80.00000000,3.00000000
delivery,2022-07-26,region_2,True,28.00000000,3.00000000
delivery,2022-07-26,region_3,True,65.00000000,3.00000000
delivery,2022-07-26,region_4,True,92.00000000,4.00000000
delivery,2022-07-27,region_1,True,113.00000000,3.00000000
delivery,2022-07-27,region_2,True,42.00000000,4.00000000
delivery,2022-07-27,region_3,True,85.00000000,3.00000000
delivery,2022-07-27,region_4,True,103.00000000,4.00000000
delivery,2022-07-28,region_1,True,82.00000000,3.00000000
delivery,2022-07-28,region_2,True,39.00000000,2.00000000
delivery,2022-07-28,region_3,True,31.00000000,2.00000000
delivery,2022-07-28,region_4,True,77.00000000,4.00000000
delivery,2022-07-29,region_1,True,44.00000000,3.00000000
delivery,2022-07-29,region_2,True,27.00000000,3.00000000
delivery,2022-07-29,region_3,True,59.00000000,3.00000000
delivery,2022-07-29,region_4,True,89.00000000,4.00000000
delivery,2022-07-30,region_1,True,86.00000000,3.00000000
delivery,2022-07-30,region_2,True,25.00000000,3.00000000
delivery,2022-07-30,region_3,True,59.00000000,3.00000000
delivery,2022-07-30,region_4,True,107.00000000,4.00000000
delivery,2022-07-31,region_1,True,79.00000000,4.00000000
delivery,2022-07-31,region_2,True,23.00000000,3.00000000
delivery,2022-07-31,region_3,True,49.00000000,3.00000000
delivery,2022-07-31,region_4,True,87.00000000,4.00000000
delivery,2022-08-01,region_1,True,70.00000000,3.00000000
delivery,2022-08-01,region_2,True,31.00000000,3.00000000
delivery,2022-08-01,region_3,True,64.00000000,3.00000000
delivery,2022-08-01,region_4,True,74.00000000,4.00000000
delivery,2022-08-02,region_1,True,81.00000000,4.00000000
delivery,2022-08-02,region_2,True,18.00000000,3.00000000
delivery,2022-08-02,region_3,True,38.00000000,3.00000000
delivery,2022-08-02,region_4,True,85.00000000,4.00000000
delivery,2022-08-03,region_1,True,90.00000000,4.00000000
delivery,2022-08-03,region_2,True,27.00000000,3.00000000
delivery,2022-08-03,region_3,True,72.00000000,3.00000000
delivery,2022-08-03,region_4,True,93.00000000,4.00000000
delivery,2022-08-04,region_1,True,70.00000000,4.00000000
delivery,2022-08-04,region_2,True,26.00000000,3.00000000
delivery,2022-08-04,region_3,True,48.00000000,3.00000000
delivery,2022-08-04,region_4,True,87.00000000,4.00000000
delivery,2022-08-05,region_1,True,50.00000000,3.00000000
delivery,2022-08-05,region_2,True,14.00000000,3.00000000
delivery,2022-08-05,region_3,True,40.00000000,4.00000000
delivery,2022-08-05,region_4,True,62.00000000,4.00000000
delivery,2022-08-06,region_1,True,70.00000000,3.00000000
delivery,2022-08-06,region_2,True,12.00000000,2.00000000
delivery,2022-08-06,region_3,True,40.00000000,3.00000000
delivery,2022-08-06,region_4,True,62.00000000,4.00000000
delivery,2022-08-07,region_1,True,58.00000000,3.00000000
delivery,2022-08-07,region_2,True,19.00000000,3.00000000
delivery,2022-08-07,region_3,True,31.00000000,3.00000000
delivery,2022-08-07,region_4,True,72.00000000,4.00000000
delivery,2022-08-08,region_1,True,88.00000000,3.00000000
delivery,2022-08-08,region_2,True,38.00000000,2.00000000
delivery,2022-08-08,region_3,True,71.00000000,3.00000000
delivery,2022-08-08,region_4,True,94.00000000,4.00000000
delivery,2022-08-09,region_1,True,83.00000000,3.00000000
delivery,2022-08-09,region_2,True,25.00000000,3.00000000
delivery,2022-08-09,region_3,True,50.00000000,3.00000000
delivery,2022-08-09,region_4,True,87.00000000,4.00000000
delivery,2022-08-10,region_1,True,129.00000000,3.00000000
delivery,2022-08-10,region_2,True,38.00000000,3.00000000
delivery,2022-08-10,region_3,True,74.00000000,3.00000000
delivery,2022-08-10,region_4,True,142.00000000,4.00000000
delivery,2022-08-11,region_1,True,123.00000000,3.00000000
delivery,2022-08-11,region_2,True,40.00000000,3.00000000
delivery,2022-08-11,region_3,True,101.00000000,3.00000000
delivery,2022-08-11,region_4,True,117.00000000,4.00000000
delivery,2022-08-12,region_1,True,126.00000000,3.00000000
delivery,2022-08-12,region_2,True,34.00000000,3.00000000
delivery,2022-08-12,region_3,True,71.00000000,3.00000000
delivery,2022-08-12,region_4,True,130.00000000,4.00000000
delivery,2022-08-13,region_1,True,119.00000000,3.00000000
delivery,2022-08-13,region_2,True,30.00000000,3.00000000
delivery,2022-08-13,region_3,True,82.00000000,3.00000000
delivery,2022-08-13,region_4,True,105.00000000,4.00000000
delivery,2022-08-14,region_1,True,114.00000000,3.00000000
delivery,2022-08-14,region_2,True,31.00000000,3.00000000
delivery,2022-08-14,region_3,True,63.00000000,4.00000000
delivery,2022-08-14,region_4,True,104.00000000,4.00000000
delivery,2022-08-15,region_1,True,63.00000000,3.00000000
delivery,2022-08-15,region_2,True,23.00000000,3.00000000
delivery,2022-08-15,region_3,True,54.00000000,3.00000000
delivery,2022-08-15,region_4,True,88.00000000,4.00000000
delivery,2022-08-16,region_1,True,74.00000000,3.00000000
delivery,2022-08-16,region_2,True,34.00000000,3.00000000
delivery,2022-08-16,region_3,True,56.00000000,3.00000000
delivery,2022-08-16,region_4,True,119.00000000,4.00000000
delivery,2022-08-17,region_1,True,49.00000000,3.00000000
delivery,2022-08-17,region_2,True,22.00000000,3.00000000
delivery,2022-08-17,region_3,True,49.00000000,3.00000000
delivery,2022-08-17,region_4,True,90.00000000,5.00000000
delivery,2022-08-18,region_1,True,63.00000000,3.00000000
delivery,2022-08-18,region_2,True,17.00000000,3.00000000
delivery,2022-08-18,region_3,True,55.00000000,3.00000000
delivery,2022-08-18,region_4,True,80.00000000,4.00000000
delivery,2022-08-19,region_1,True,70.00000000,3.00000000
delivery,2022-08-19,region_2,True,25.00000000,3.00000000
delivery,2022-08-19,region_3,True,70.00000000,3.00000000
delivery,2022-08-19,region_4,True,101.00000000,4.00000000
delivery,2022-08-20,region_1,True,80.00000000,3.00000000
delivery,2022-08-20,region_2,True,26.00000000,2.00000000
delivery,2022-08-20,region_3,True,59.00000000,3.00000000
delivery,2022-08-20,region_4,True,104.00000000,5.00000000
delivery,2022-08-21,region_1,True,72.00000000,3.00000000
delivery,2022-08-21,region_2,True,29.00000000,2.00000000
delivery,2022-08-21,region_3,True,64.00000000,3.00000000
delivery,2022-08-21,region_4,True,108.00000000,4.00000000
delivery,2022-08-22,region_1,True,76.00000000,3.00000000
delivery,2022-08-22,region_2,True,30.00000000,2.00000000
delivery,2022-08-22,region_3,True,65.00000000,3.00000000
delivery,2022-08-22,region_4,True,116.00000000,4.00000000
delivery,2022-08-23,region_1,True,71.00000000,3.00000000
delivery,2022-08-23,region_2,True,20.00000000,2.00000000
delivery,2022-08-23,region_3,True,60.00000000,3.00000000
delivery,2022-08-23,region_4,True,99.00000000,4.00000000
delivery,2022-08-24,region_1,True,76.00000000,3.00000000
delivery,2022-08-24,region_2,True,29.00000000,2.00000000
delivery,2022-08-24,region_3,True,76.00000000,3.00000000
delivery,2022-08-24,region_4,True,100.00000000,4.00000000
delivery,2022-08-25,region_1,True,78.00000000,3.00000000
delivery,2022-08-25,region_2,True,25.00000000,2.00000000
delivery,2022-08-25,region_3,True,68.00000000,3.00000000
delivery,2022-08-25,region_4,True,84.00000000,4.00000000
delivery,2022-08-26,region_1,True,73.00000000,3.00000000
delivery,2022-08-26,region_2,True,32.00000000,2.00000000
delivery,2022-08-26,region_3,True,62.00000000,3.00000000
delivery,2022-08-26,region_4,True,102.00000000,4.00000000
delivery,2022-08-27,region_1,True,88.00000000,3.00000000
delivery,2022-08-27,region_2,True,29.00000000,2.00000000
delivery,2022-08-27,region_3,True,72.00000000,3.00000000
delivery,2022-08-27,region_4,True,113.00000000,5.00000000
delivery,2022-08-28,region_1,True,82.00000000,3.00000000
delivery,2022-08-28,region_2,True,22.00000000,2.00000000
delivery,2022-08-28,region_3,True,52.00000000,3.00000000
delivery,2022-08-28,region_4,True,116.00000000,4.00000000
delivery,2022-08-29,region_1,True,63.00000000,3.00000000
delivery,2022-08-29,region_2,True,24.00000000,2.00000000
delivery,2022-08-29,region_3,True,90.00000000,3.00000000
delivery,2022-08-29,region_4,True,102.00000000,5.00000000
delivery,2022-08-30,region_1,True,76.00000000,3.00000000
delivery,2022-08-30,region_2,True,27.00000000,2.00000000
delivery,2022-08-30,region_3,True,73.00000000,3.00000000
delivery,2022-08-30,region_4,True,96.00000000,4.00000000
delivery,2022-08-31,region_1,True,71.00000000,3.00000000
delivery,2022-08-31,region_2,True,30.00000000,2.00000000
delivery,2022-08-31,region_3,True,102.00000000,4.00000000
delivery,2022-08-31,region_4,True,110.00000000,4.00000000
delivery,2022-09-01,region_1,True,81.00000000,3.00000000
delivery,2022-09-01,region_2,True,27.00000000,2.00000000
delivery,2022-09-01,region_3,True,70.00000000,4.00000000
delivery,2022-09-01,region_4,True,105.00000000,4.00000000
delivery,2022-09-02,region_1,True,87.00000000,3.00000000
delivery,2022-09-02,region_2,True,19.00000000,2.00000000
delivery,2022-09-02,region_3,True,86.00000000,4.00000000
delivery,2022-09-02,region_4,True,129.00000000,4.00000000
delivery,2022-09-03,region_1,True,85.00000000,3.00000000
delivery,2022-09-03,region_2,True,27.00000000,2.00000000
delivery,2022-09-03,region_3,True,68.00000000,4.00000000
delivery,2022-09-03,region_4,True,54.00000000,4.00000000
delivery,2022-09-04,region_1,True,63.00000000,3.00000000
delivery,2022-09-04,region_2,True,23.00000000,2.00000000
delivery,2022-09-04,region_3,True,63.00000000,4.00000000
delivery,2022-09-04,region_4,True,75.00000000,4.00000000
delivery,2022-09-05,region_1,True,68.00000000,3.00000000
delivery,2022-09-05,region_2,True,16.00000000,2.00000000
delivery,2022-09-05,region_3,True,76.00000000,4.00000000
delivery,2022-09-05,region_4,True,74.00000000,5.00000000
delivery,2022-09-06,region_1,True,83.00000000,3.00000000
delivery,2022-09-06,region_2,True,36.00000000,2.00000000
delivery,2022-09-06,region_3,True,83.00000000,4.00000000
delivery,2022-09-06,region_4,True,96.00000000,4.00000000
delivery,2022-09-07,region_1,True,60.00000000,3.00000000
delivery,2022-09-07,region_2,True,14.00000000,2.00000000
delivery,2022-09-07,region_3,True,80.00000000,4.00000000
delivery,2022-09-07,region_4,True,75.00000000,4.00000000
delivery,2022-09-08,region_1,True,81.00000000,3.00000000
delivery,2022-09-08,region_2,True,24.00000000,2.00000000
delivery,2022-09-08,region_3,True,66.00000000,4.00000000
delivery,2022-09-08,region_4,True,62.00000000,4.00000000
delivery,2022-09-09,region_1,True,76.00000000,3.00000000
delivery,2022-09-09,region_2,True,30.00000000,3.00000000
delivery,2022-09-09,region_3,True,81.00000000,4.00000000
delivery,2022-09-09,region_4,True,97.00000000,4.00000000
delivery,2022-09-10,region_1,True,60.00000000,3.00000000
delivery,2022-09-10,region_2,True,16.00000000,2.00000000
delivery,2022-09-10,region_3,True,61.00000000,4.00000000
delivery,2022-09-10,region_4,True,73.00000000,4.00000000
delivery,2022-09-11,region_1,True,75.00000000,3.00000000
delivery,2022-09-11,region_2,True,26.00000000,2.00000000
delivery,2022-09-11,region_3,True,89.00000000,4.00000000
delivery,2022-09-11,region_4,True,87.00000000,4.00000000
delivery,2022-09-12,region_1,True,69.00000000,3.00000000
delivery,2022-09-12,region_2,True,26.00000000,3.00000000
delivery,2022-09-12,region_3,True,55.00000000,4.00000000
delivery,2022-09-12,region_4,True,81.00000000,4.00000000
delivery,2022-09-13,region_1,True,48.00000000,3.00000000
delivery,2022-09-13,region_2,True,24.00000000,2.00000000
delivery,2022-09-13,region_3,True,61.00000000,4.00000000
delivery,2022-09-13,region_4,True,80.00000000,4.00000000
delivery,2022-09-14,region_1,True,76.00000000,3.00000000
delivery,2022-09-14,region_2,True,31.00000000,3.00000000
delivery,2022-09-14,region_3,True,81.00000000,3.00000000
delivery,2022-09-14,region_4,True,80.00000000,5.00000000
delivery,2022-09-15,region_1,True,70.00000000,3.00000000
delivery,2022-09-15,region_2,True,30.00000000,3.00000000
delivery,2022-09-15,region_3,True,51.00000000,3.00000000
delivery,2022-09-15,region_4,True,93.00000000,4.00000000
delivery,2022-09-16,region_1,True,60.00000000,3.00000000
delivery,2022-09-16,region_2,True,29.00000000,2.00000000
delivery,2022-09-16,region_3,True,64.00000000,3.00000000
delivery,2022-09-16,region_4,True,90.00000000,5.00000000
delivery,2022-09-17,region_1,True,65.00000000,3.00000000
delivery,2022-09-17,region_2,True,34.00000000,2.00000000
delivery,2022-09-17,region_3,True,61.00000000,3.00000000
delivery,2022-09-17,region_4,True,92.00000000,5.00000000
delivery,2022-09-18,region_1,True,74.00000000,3.00000000
delivery,2022-09-18,region_2,True,24.00000000,3.00000000
delivery,2022-09-18,region_3,True,59.00000000,3.00000000
delivery,2022-09-18,region_4,True,74.00000000,4.00000000
delivery,2022-09-19,region_1,True,59.00000000,3.00000000
delivery,2022-09-19,region_2,True,31.00000000,2.00000000
delivery,2022-09-19,region_3,True,56.00000000,3.00000000
delivery,2022-09-19,region_4,True,78.00000000,4.00000000
delivery,2022-09-20,region_1,True,58.00000000,3.00000000
delivery,2022-09-20,region_2,True,25.00000000,3.00000000
delivery,2022-09-20,region_3,True,61.00000000,3.00000000
delivery,2022-09-20,region_4,True,70.00000000,5.00000000
delivery,2022-09-21,region_1,True,73.00000000,3.00000000
delivery,2022-09-21,region_2,True,30.00000000,3.00000000
delivery,2022-09-21,region_3,True,71.00000000,3.00000000
delivery,2022-09-21,region_4,True,104.00000000,4.00000000
delivery,2022-09-22,region_1,True,73.00000000,3.00000000
delivery,2022-09-22,region_2,True,28.00000000,2.00000000
delivery,2022-09-22,region_3,True,60.00000000,3.00000000
delivery,2022-09-22,region_4,True,91.00000000,5.00000000
delivery,2022-09-23,region_1,True,78.00000000,3.00000000
delivery,2022-09-23,region_2,True,2.00000000,1.00000000
delivery,2022-09-23,region_3,True,71.00000000,3.00000000
delivery,2022-09-23,region_4,True,93.00000000,4.00000000
delivery,2022-09-24,region_1,True,67.00000000,2.00000000
delivery,2022-09-24,region_2,True,18.00000000,2.00000000
delivery,2022-09-24,region_3,True,84.00000000,3.00000000
delivery,2022-09-24,region_4,True,105.00000000,4.00000000
delivery,2022-09-25,region_1,True,68.00000000,3.00000000
delivery,2022-09-25,region_2,True,15.00000000,2.00000000
delivery,2022-09-25,region_3,True,68.00000000,3.00000000
delivery,2022-09-25,region_4,True,94.00000000,5.00000000
delivery,2022-09-26,region_1,True,30.00000000,2.00000000
delivery,2022-09-26,region_2,True,13.00000000,3.00000000
delivery,2022-09-26,region_3,True,70.00000000,3.00000000
delivery,2022-09-26,region_4,True,79.00000000,5.00000000
delivery,2022-09-27,region_1,True,79.00000000,4.00000000
delivery,2022-09-27,region_2,True,26.00000000,3.00000000
delivery,2022-09-27,region_3,True,65.00000000,3.00000000
delivery,2022-09-27,region_4,True,82.00000000,5.00000000
delivery,2022-09-28,region_1,True,75.00000000,3.00000000
delivery,2022-09-28,region_2,True,20.00000000,2.00000000
delivery,2022-09-28,region_3,True,76.00000000,3.00000000
delivery,2022-09-28,region_4,True,90.00000000,4.00000000
delivery,2022-09-29,region_1,True,50.00000000,3.00000000
delivery,2022-09-29,region_2,True,16.00000000,2.00000000
delivery,2022-09-29,region_3,True,77.00000000,3.00000000
delivery,2022-09-29,region_4,True,88.00000000,6.00000000
delivery,2022-09-30,region_1,True,39.00000000,2.00000000
delivery,2022-09-30,region_2,True,18.00000000,3.00000000
delivery,2022-09-30,region_3,True,73.00000000,3.00000000
delivery,2022-09-30,region_4,True,92.00000000,4.00000000
delivery,2022-10-01,region_1,True,77.00000000,3.00000000
delivery,2022-10-01,region_2,True,14.00000000,1.00000000
delivery,2022-10-01,region_3,True,64.00000000,3.00000000
delivery,2022-10-01,region_4,True,82.00000000,5.00000000
delivery,2022-10-02,region_1,True,24.00000000,2.00000000
delivery,2022-10-02,region_2,True,7.00000000,1.00000000
delivery,2022-10-02,region_3,True,79.00000000,4.00000000
delivery,2022-10-02,region_4,True,45.00000000,6.00000000
delivery,2022-10-03,region_1,True,18.00000000,2.00000000
delivery,2022-10-03,region_2,True,3.00000000,1.00000000
delivery,2022-10-03,region_3,True,12.00000000,1.00000000
delivery,2022-10-03,region_4,True,1.00000000,1.00000000
delivery,2022-10-04,region_1,True,22.00000000,2.00000000
delivery,2022-10-04,region_2,True,10.00000000,1.00000000
delivery,2022-10-04,region_3,True,16.00000000,1.00000000
delivery,2022-10-04,region_4,True,1.00000000,1.00000000
delivery,2022-10-05,region_1,True,27.00000000,2.00000000
delivery,2022-10-05,region_2,True,17.00000000,1.00000000
delivery,2022-10-05,region_3,True,22.00000000,1.00000000
delivery,2022-10-05,region_4,True,1.00000000,1.00000000
delivery,2022-10-06,region_1,True,26.00000000,2.00000000
delivery,2022-10-06,region_2,True,8.00000000,1.00000000
delivery,2022-10-06,region_3,True,21.00000000,1.00000000
delivery,2022-10-06,region_4,True,0.00000000,0.00000000
delivery,2022-10-07,region_1,True,22.00000000,2.00000000
delivery,2022-10-07,region_2,True,20.00000000,1.00000000
delivery,2022-10-07,region_3,True,16.00000000,1.00000000
delivery,2022-10-07,region_4,True,2.00000000,2.00000000
delivery,2022-10-08,region_1,True,29.00000000,2.00000000
delivery,2022-10-08,region_2,True,6.00000000,1.00000000
delivery,2022-10-08,region_3,True,14.00000000,1.00000000
delivery,2022-10-08,region_4,True,1.00000000,1.00000000
delivery,2022-10-09,region_1,False,,
delivery,2022-10-09,region_2,False,,
delivery,2022-10-09,region_3,False,,
delivery,2022-10-09,region_4,False,,
delivery,2022-10-10,region_1,True,25.00000000,2.00000000
delivery,2022-10-10,region_2,True,13.00000000,1.00000000
delivery,2022-10-10,region_3,True,18.00000000,1.00000000
delivery,2022-10-10,region_4,True,0.00000000,0.00000000
delivery,2022-10-11,region_1,True,14.00000000,2.00000000
delivery,2022-10-11,region_2,True,8.00000000,1.00000000
delivery,2022-10-11,region_3,True,13.00000000,1.00000000
delivery,2022-10-11,region_4,True,0.00000000,0.00000000
delivery,2022-10-12,region_1,True,24.00000000,2.00000000
delivery,2022-10-12,region_2,True,11.00000000,1.00000000
delivery,2022-10-12,region_3,True,22.00000000,1.00000000
delivery,2022-10-12,region_4,True,0.00000000,0.00000000
delivery,2022-10-13,region_1,True,22.00000000,2.00000000
delivery,2022-10-13,region_2,True,2.00000000,1.00000000
delivery,2022-10-13,region_3,True,15.00000000,1.00000000
delivery,2022-10-13,region_4,True,0.00000000,0.00000000
delivery,2022-10-14,region_1,True,28.00000000,2.00000000
delivery,2022-10-14,region_2,True,4.00000000,1.00000000
delivery,2022-10-14,region_3,True,16.00000000,1.00000000
delivery,2022-10-14,region_4,True,1.00000000,1.00000000
delivery,2022-10-15,region_1,True,22.00000000,2.00000000
delivery,2022-10-15,region_2,True,5.00000000,1.00000000
delivery,2022-10-15,region_3,True,10.00000000,1.00000000
delivery,2022-10-15,region_4,True,1.00000000,1.00000000
delivery,2022-10-16,region_1,True,16.00000000,2.00000000
delivery,2022-10-16,region_2,True,2.00000000,1.00000000
delivery,2022-10-16,region_3,True,10.00000000,1.00000000
delivery,2022-10-16,region_4,True,0.00000000,0.00000000
delivery,2022-10-17,region_1,True,26.00000000,2.00000000
delivery,2022-10-17,region_2,True,12.00000000,1.00000000
delivery,2022-10-17,region_3,True,14.00000000,1.00000000
delivery,2022-10-17,region_4,True,0.00000000,0.00000000
delivery,2022-10-18,region_1,True,0.00000000,0.00000000
delivery,2022-10-18,region_2,True,0.00000000,0.00000000
delivery,2022-10-18,region_3,True,6.00000000,1.00000000
delivery,2022-10-18,region_4,True,0.00000000,0.00000000
delivery,2022-10-19,region_1,True,1.00000000,1.00000000
delivery,2022-10-19,region_2,True,2.00000000,1.00000000
delivery,2022-10-19,region_3,True,3.00000000,1.00000000
delivery,2022-10-19,region_4,True,0.00000000,0.00000000
delivery,2022-10-20,region_1,True,0.00000000,0.00000000
delivery,2022-10-20,region_2,True,0.00000000,0.00000000
delivery,2022-10-20,region_3,True,1.00000000,1.00000000
delivery,2022-10-20,region_4,True,0.00000000,0.00000000
delivery,2022-10-21,region_1,True,1.00000000,1.00000000
delivery,2022-10-21,region_2,True,5.00000000,1.00000000
delivery,2022-10-21,region_3,True,4.00000000,1.00000000
delivery,2022-10-21,region_4,True,1.00000000,1.00000000
delivery,2022-10-22,region_1,True,1.00000000,1.00000000
delivery,2022-10-22,region_2,True,1.00000000,1.00000000
delivery,2022-10-22,region_3,True,0.00000000,0.00000000
delivery,2022-10-22,region_4,True,0.00000000,0.00000000
delivery,2022-10-23,region_1,False,,
delivery,2022-10-23,region_2,False,,
delivery,2022-10-23,region_3,False,,
delivery,2022-10-23,region_4,False,,
delivery,2022-10-24,region_1,False,,
delivery,2022-10-24,region_2,False,,
delivery,2022-10-24,region_3,False,,
delivery,2022-10-24,region_4,False,,
delivery,2022-10-25,region_1,False,,
delivery,2022-10-25,region_2,False,,
delivery,2022-10-25,region_3,False,,
delivery,2022-10-25,region_4,False,,
delivery,2022-10-26,region_1,True,0.00000000,0.00000000
delivery,2022-10-26,region_2,True,1.00000000,1.00000000
delivery,2022-10-26,region_3,True,0.00000000,0.00000000
delivery,2022-10-26,region_4,True,0.00000000,0.00000000
delivery,2022-10-27,region_1,False,,
delivery,2022-10-27,region_2,False,,
delivery,2022-10-27,region_3,False,,
delivery,2022-10-27,region_4,False,,
delivery,2022-10-28,region_1,True,0.00000000,0.00000000
delivery,2022-10-28,region_2,True,1.00000000,1.00000000
delivery,2022-10-28,region_3,True,0.00000000,0.00000000
delivery,2022-10-28,region_4,True,0.00000000,0.00000000
accept,2022-05-12,region_1,True,0.00000000,0.00000000
accept,2022-05-12,region_2,True,4.00000000,2.00000000
accept,2022-05-12,region_3,True,0.00000000,0.00000000
accept,2022-05-12,region_4,True,0.00000000,0.00000000
accept,2022-05-13,region_1,True,3.00000000,1.00000000
accept,2022-05-13,region_2,True,2.00000000,1.00000000
accept,2022-05-13,region_3,True,2.00000000,2.00000000
accept,2022-05-13,region_4,True,2.00000000,2.00000000
accept,2022-05-14,region_1,True,1.00000000,1.00000000
accept,2022-05-14,region_2,True,25.00000000,3.00000000
accept,2022-05-14,region_3,True,2.00000000,2.00000000
accept,2022-05-14,region_4,True,3.00000000,2.00000000
accept,2022-05-15,region_1,True,1.00000000,1.00000000
accept,2022-05-15,region_2,True,21.00000000,3.00000000
accept,2022-05-15,region_3,True,3.00000000,2.00000000
accept,2022-05-15,region_4,True,0.00000000,0.00000000
accept,2022-05-16,region_1,True,19.00000000,2.00000000
accept,2022-05-16,region_2,True,23.00000000,3.00000000
accept,2022-05-16,region_3,True,59.00000000,3.00000000
accept,2022-05-16,region_4,True,56.00000000,4.00000000
accept,2022-05-17,region_1,True,33.00000000,2.00000000
accept,2022-05-17,region_2,True,45.00000000,3.00000000
accept,2022-05-17,region_3,True,76.00000000,3.00000000
accept,2022-05-17,region_4,True,60.00000000,3.00000000
accept,2022-05-18,region_1,True,8.00000000,2.00000000
accept,2022-05-18,region_2,True,23.00000000,3.00000000
accept,2022-05-18,region_3,True,48.00000000,3.00000000
accept,2022-05-18,region_4,True,1.00000000,1.00000000
accept,2022-05-19,region_1,True,5.00000000,2.00000000
accept,2022-05-19,region_2,True,34.00000000,3.00000000
accept,2022-05-19,region_3,True,22.00000000,3.00000000
accept,2022-05-19,region_4,True,3.00000000,2.00000000
accept,2022-05-20,region_1,True,0.00000000,0.00000000
accept,2022-05-20,region_2,True,23.00000000,3.00000000
accept,2022-05-20,region_3,True,78.00000000,3.00000000
accept,2022-05-20,region_4,True,1.00000000,1.00000000
accept,2022-05-21,region_1,True,0.00000000,0.00000000
accept,2022-05-21,region_2,True,28.00000000,3.00000000
accept,2022-05-21,region_3,True,44.00000000,3.00000000
accept,2022-05-21,region_4,True,1.00000000,1.00000000
accept,2022-05-22,region_1,True,0.00000000,0.00000000
accept,2022-05-22,region_2,True,17.00000000,2.00000000
accept,2022-05-22,region_3,True,2.00000000,2.00000000
accept,2022-05-22,region_4,True,3.00000000,2.00000000
accept,2022-05-23,region_1,True,2.00000000,1.00000000
accept,2022-05-23,region_2,True,19.00000000,3.00000000
accept,2022-05-23,region_3,True,0.00000000,0.00000000
accept,2022-05-23,region_4,True,1.00000000,1.00000000
accept,2022-05-24,region_1,True,0.00000000,0.00000000
accept,2022-05-24,region_2,True,18.00000000,3.00000000
accept,2022-05-24,region_3,True,81.00000000,5.00000000
accept,2022-05-24,region_4,True,2.00000000,2.00000000
accept,2022-05-25,region_1,True,1.00000000,1.00000000
accept,2022-05-25,region_2,True,27.00000000,3.00000000
accept,2022-05-25,region_3,True,40.00000000,5.00000000
accept,2022-05-25,region_4,True,1.00000000,1.00000000
accept,2022-05-26,region_1,True,0.00000000,0.00000000
accept,2022-05-26,region_2,True,40.00000000,3.00000000
accept,2022-05-26,region_3,True,18.00000000,4.00000000
accept,2022-05-26,region_4,True,3.00000000,3.00000000
accept,2022-05-27,region_1,True,3.00000000,2.00000000
accept,2022-05-27,region_2,True,29.00000000,3.00000000
accept,2022-05-27,region_3,True,63.00000000,5.00000000
accept,2022-05-27,region_4,True,3.00000000,2.00000000
accept,2022-05-28,region_1,True,5.00000000,2.00000000
accept,2022-05-28,region_2,True,35.00000000,3.00000000
accept,2022-05-28,region_3,True,65.00000000,5.00000000
accept,2022-05-28,region_4,True,40.00000000,5.00000000
accept,2022-05-29,region_1,True,63.00000000,4.00000000
accept,2022-05-29,region_2,True,29.00000000,2.00000000
accept,2022-05-29,region_3,True,154.00000000,6.00000000
accept,2022-05-29,region_4,True,188.00000000,7.00000000
accept,2022-05-30,region_1,True,12.00000000,3.00000000
accept,2022-05-30,region_2,True,16.00000000,3.00000000
accept,2022-05-30,region_3,True,129.00000000,7.00000000
accept,2022-05-30,region_4,True,134.00000000,7.00000000
accept,2022-05-31,region_1,True,24.00000000,3.00000000
accept,2022-05-31,region_2,True,16.00000000,2.00000000
accept,2022-05-31,region_3,True,94.00000000,7.00000000
accept,2022-05-31,region_4,True,42.00000000,8.00000000
accept,2022-06-01,region_1,True,60.00000000,4.00000000
accept,2022-06-01,region_2,True,19.00000000,3.00000000
accept,2022-06-01,region_3,True,111.00000000,7.00000000
accept,2022-06-01,region_4,True,68.00000000,8.00000000
accept,2022-06-02,region_1,True,7.00000000,2.00000000
accept,2022-06-02,region_2,True,48.00000000,3.00000000
accept,2022-06-02,region_3,True,11.00000000,3.00000000
accept,2022-06-02,region_4,True,2.00000000,2.00000000
accept,2022-06-03,region_1,True,94.00000000,4.00000000
accept,2022-06-03,region_2,True,19.00000000,2.00000000
accept,2022-06-03,region_3,True,80.00000000,5.00000000
accept,2022-06-03,region_4,True,92.00000000,8.00000000
accept,2022-06-04,region_1,True,65.00000000,5.00000000
accept,2022-06-04,region_2,True,26.00000000,2.00000000
accept,2022-06-04,region_3,True,65.00000000,7.00000000
accept,2022-06-04,region_4,True,113.00000000,9.00000000
accept,2022-06-05,region_1,True,34.00000000,4.00000000
accept,2022-06-05,region_2,True,33.00000000,3.00000000
accept,2022-06-05,region_3,True,59.00000000,8.00000000
accept,2022-06-05,region_4,True,8.00000000,5.00000000
accept,2022-06-06,region_1,True,28.00000000,4.00000000
accept,2022-06-06,region_2,True,33.00000000,3.00000000
accept,2022-06-06,region_3,True,116.00000000,7.00000000
accept,2022-06-06,region_4,True,8.00000000,5.00000000
accept,2022-06-07,region_1,True,38.00000000,4.00000000
accept,2022-06-07,region_2,True,22.00000000,3.00000000
accept,2022-06-07,region_3,True,83.00000000,5.00000000
accept,2022-06-07,region_4,True,55.00000000,7.00000000
accept,2022-06-08,region_1,True,57.00000000,5.00000000
accept,2022-06-08,region_2,True,26.00000000,3.00000000
accept,2022-06-08,region_3,True,54.00000000,5.00000000
accept,2022-06-08,region_4,True,142.00000000,7.00000000
accept,2022-06-09,region_1,True,87.00000000,4.00000000
accept,2022-06-09,region_2,True,28.00000000,3.00000000
accept,2022-06-09,region_3,True,74.00000000,3.00000000
accept,2022-06-09,region_4,True,83.00000000,4.00000000
accept,2022-06-10,region_1,True,75.00000000,4.00000000
accept,2022-06-10,region_2,True,21.00000000,3.00000000
accept,2022-06-10,region_3,True,61.00000000,3.00000000
accept,2022-06-10,region_4,True,78.00000000,4.00000000
accept,2022-06-11,region_1,True,81.00000000,3.00000000
accept,2022-06-11,region_2,True,20.00000000,2.00000000
accept,2022-06-11,region_3,True,77.00000000,3.00000000
accept,2022-06-11,region_4,True,72.00000000,3.00000000
accept,2022-06-12,region_1,True,102.00000000,4.00000000
accept,2022-06-12,region_2,True,23.00000000,3.00000000
accept,2022-06-12,region_3,True,63.00000000,4.00000000
accept,2022-06-12,region_4,True,54.00000000,3.00000000
accept,2022-06-13,region_1,True,95.00000000,4.00000000
accept,2022-06-13,region_2,True,30.00000000,3.00000000
accept,2022-06-13,region_3,True,56.00000000,4.00000000
accept,2022-06-13,region_4,True,73.00000000,4.00000000
accept,2022-06-14,region_1,True,73.00000000,3.00000000
accept,2022-06-14,region_2,True,20.00000000,2.00000000
accept,2022-06-14,region_3,True,64.00000000,3.00000000
accept,2022-06-14,region_4,True,73.00000000,4.00000000
accept,2022-06-15,region_1,True,51.00000000,3.00000000
accept,2022-06-15,region_2,True,21.00000000,3.00000000
accept,2022-06-15,region_3,True,46.00000000,3.00000000
accept,2022-06-15,region_4,True,46.00000000,4.00000000
accept,2022-06-16,region_1,True,28.00000000,3.00000000
accept,2022-06-16,region_2,True,8.00000000,3.00000000
accept,2022-06-16,region_3,True,26.00000000,3.00000000
accept,2022-06-16,region_4,True,31.00000000,4.00000000
accept,2022-06-17,region_1,True,88.00000000,3.00000000
accept,2022-06-17,region_2,True,35.00000000,2.00000000
accept,2022-06-17,region_3,True,131.00000000,8.00000000
accept,2022-06-17,region_4,True,102.00000000,7.00000000
accept,2022-06-18,region_1,True,72.00000000,4.00000000
accept,2022-06-18,region_2,True,50.00000000,3.00000000
accept,2022-06-18,region_3,True,175.00000000,9.00000000
accept,2022-06-18,region_4,True,131.00000000,8.00000000
accept,2022-06-19,region_1,True,51.00000000,5.00000000
accept,2022-06-19,region_2,True,52.00000000,3.00000000
accept,2022-06-19,region_3,True,86.00000000,8.00000000
accept,2022-06-19,region_4,True,111.00000000,10.00000000
accept,2022-06-20,region_1,False,,
accept,2022-06-20,region_2,False,,
accept,2022-06-20,region_3,False,,
accept,2022-06-20,region_4,False,,
accept,2022-06-21,region_1,False,,
accept,2022-06-21,region_2,False,,
accept,2022-06-21,region_3,False,,
accept,2022-06-21,region_4,False,,
accept,2022-06-22,region_1,True,0.00000000,0.00000000
accept,2022-06-22,region_2,True,0.00000000,0.00000000
accept,2022-06-22,region_3,True,0.00000000,0.00000000
accept,2022-06-22,region_4,True,8.00000000,1.00000000
accept,2022-06-23,region_1,True,4.00000000,3.00000000
accept,2022-06-23,region_2,True,0.00000000,0.00000000
accept,2022-06-23,region_3,True,0.00000000,0.00000000
accept,2022-06-23,region_4,True,3.00000000,3.00000000
accept,2022-06-24,region_1,True,8.00000000,3.00000000
accept,2022-06-24,region_2,True,6.00000000,2.00000000
accept,2022-06-24,region_3,True,11.00000000,5.00000000
accept,2022-06-24,region_4,True,12.00000000,4.00000000
accept,2022-06-25,region_1,True,10.00000000,4.00000000
accept,2022-06-25,region_2,True,0.00000000,0.00000000
accept,2022-06-25,region_3,True,15.00000000,3.00000000
accept,2022-06-25,region_4,True,5.00000000,4.00000000
accept,2022-06-26,region_1,True,13.00000000,3.00000000
accept,2022-06-26,region_2,True,48.00000000,3.00000000
accept,2022-06-26,region_3,True,7.00000000,3.00000000
accept,2022-06-26,region_4,True,19.00000000,4.00000000
accept,2022-06-27,region_1,True,116.00000000,5.00000000
accept,2022-06-27,region_2,True,34.00000000,3.00000000
accept,2022-06-27,region_3,True,68.00000000,4.00000000
accept,2022-06-27,region_4,True,70.00000000,5.00000000
accept,2022-06-28,region_1,True,104.00000000,3.00000000
accept,2022-06-28,region_2,True,25.00000000,3.00000000
accept,2022-06-28,region_3,True,73.00000000,3.00000000
accept,2022-06-28,region_4,True,64.00000000,4.00000000
accept,2022-06-29,region_1,True,72.00000000,4.00000000
accept,2022-06-29,region_2,True,23.00000000,3.00000000
accept,2022-06-29,region_3,True,79.00000000,3.00000000
accept,2022-06-29,region_4,True,85.00000000,5.00000000
accept,2022-06-30,region_1,True,67.00000000,3.00000000
accept,2022-06-30,region_2,True,28.00000000,3.00000000
accept,2022-06-30,region_3,True,66.00000000,3.00000000
accept,2022-06-30,region_4,True,84.00000000,4.00000000
accept,2022-07-01,region_1,True,59.00000000,3.00000000
accept,2022-07-01,region_2,True,24.00000000,3.00000000
accept,2022-07-01,region_3,True,50.00000000,3.00000000
accept,2022-07-01,region_4,True,64.00000000,4.00000000
accept,2022-07-02,region_1,True,71.00000000,3.00000000
accept,2022-07-02,region_2,True,23.00000000,3.00000000
accept,2022-07-02,region_3,True,58.00000000,3.00000000
accept,2022-07-02,region_4,True,67.00000000,5.00000000
accept,2022-07-03,region_1,True,65.00000000,4.00000000
accept,2022-07-03,region_2,True,25.00000000,3.00000000
accept,2022-07-03,region_3,True,60.00000000,3.00000000
accept,2022-07-03,region_4,True,67.00000000,4.00000000
accept,2022-07-04,region_1,True,61.00000000,3.00000000
accept,2022-07-04,region_2,True,27.00000000,3.00000000
accept,2022-07-04,region_3,True,71.00000000,3.00000000
accept,2022-07-04,region_4,True,73.00000000,4.00000000
accept,2022-07-05,region_1,True,53.00000000,4.00000000
accept,2022-07-05,region_2,True,22.00000000,3.00000000
accept,2022-07-05,region_3,True,60.00000000,3.00000000
accept,2022-07-05,region_4,True,63.00000000,4.00000000
accept,2022-07-06,region_1,True,65.00000000,4.00000000
accept,2022-07-06,region_2,True,25.00000000,3.00000000
accept,2022-07-06,region_3,True,47.00000000,3.00000000
accept,2022-07-06,region_4,True,74.00000000,4.00000000
accept,2022-07-07,region_1,True,58.00000000,2.00000000
accept,2022-07-07,region_2,True,24.00000000,3.00000000
accept,2022-07-07,region_3,True,42.00000000,3.00000000
accept,2022-07-07,region_4,True,67.00000000,4.00000000
accept,2022-07-08,region_1,True,60.00000000,3.00000000
accept,2022-07-08,region_2,True,21.00000000,3.00000000
accept,2022-07-08,region_3,True,39.00000000,3.00000000
accept,2022-07-08,region_4,True,63.00000000,4.00000000
accept,2022-07-09,region_1,True,28.00000000,2.00000000
accept,2022-07-09,region_2,True,12.00000000,2.00000000
accept,2022-07-09,region_3,True,45.00000000,3.00000000
accept,2022-07-09,region_4,True,73.00000000,4.00000000
accept,2022-07-10,region_1,True,20.00000000,2.00000000
accept,2022-07-10,region_2,True,11.00000000,3.00000000
accept,2022-07-10,region_3,True,42.00000000,3.00000000
accept,2022-07-10,region_4,True,64.00000000,4.00000000
accept,2022-07-11,region_1,True,46.00000000,4.00000000
accept,2022-07-11,region_2,True,6.00000000,2.00000000
accept,2022-07-11,region_3,True,37.00000000,3.00000000
accept,2022-07-11,region_4,True,40.00000000,4.00000000
accept,2022-07-12,region_1,True,42.00000000,4.00000000
accept,2022-07-12,region_2,True,5.00000000,2.00000000
accept,2022-07-12,region_3,True,36.00000000,3.00000000
accept,2022-07-12,region_4,True,55.00000000,4.00000000
accept,2022-07-13,region_1,True,40.00000000,4.00000000
accept,2022-07-13,region_2,True,14.00000000,3.00000000
accept,2022-07-13,region_3,True,35.00000000,3.00000000
accept,2022-07-13,region_4,True,39.00000000,4.00000000
accept,2022-07-14,region_1,True,64.00000000,3.00000000
accept,2022-07-14,region_2,True,21.00000000,3.00000000
accept,2022-07-14,region_3,True,61.00000000,3.00000000
accept,2022-07-14,region_4,True,97.00000000,4.00000000
accept,2022-07-15,region_1,True,67.00000000,4.00000000
accept,2022-07-15,region_2,True,32.00000000,3.00000000
accept,2022-07-15,region_3,True,52.00000000,3.00000000
accept,2022-07-15,region_4,True,75.00000000,4.00000000
accept,2022-07-16,region_1,True,62.00000000,3.00000000
accept,2022-07-16,region_2,True,25.00000000,3.00000000
accept,2022-07-16,region_3,True,54.00000000,3.00000000
accept,2022-07-16,region_4,True,77.00000000,4.00000000
accept,2022-07-17,region_1,True,64.00000000,2.00000000
accept,2022-07-17,region_2,True,14.00000000,2.00000000
accept,2022-07-17,region_3,True,70.00000000,3.00000000
accept,2022-07-17,region_4,True,82.00000000,4.00000000
accept,2022-07-18,region_1,True,68.00000000,3.00000000
accept,2022-07-18,region_2,True,28.00000000,3.00000000
accept,2022-07-18,region_3,True,48.00000000,3.00000000
accept,2022-07-18,region_4,True,76.00000000,4.00000000
accept,2022-07-19,region_1,True,53.00000000,3.00000000
accept,2022-07-19,region_2,True,32.00000000,2.00000000
accept,2022-07-19,region_3,True,54.00000000,3.00000000
accept,2022-07-19,region_4,True,79.00000000,4.00000000
accept,2022-07-20,region_1,True,55.00000000,3.00000000
accept,2022-07-20,region_2,True,22.00000000,3.00000000
accept,2022-07-20,region_3,True,45.00000000,3.00000000
accept,2022-07-20,region_4,True,81.00000000,4.00000000
accept,2022-07-21,region_1,True,67.00000000,3.00000000
accept,2022-07-21,region_2,True,39.00000000,2.00000000
accept,2022-07-21,region_3,True,46.00000000,3.00000000
accept,2022-07-21,region_4,True,89.00000000,4.00000000
accept,2022-07-22,region_1,True,75.00000000,3.00000000
accept,2022-07-22,region_2,True,28.00000000,3.00000000
accept,2022-07-22,region_3,True,60.00000000,3.00000000
accept,2022-07-22,region_4,True,83.00000000,4.00000000
accept,2022-07-23,region_1,True,83.00000000,3.00000000
accept,2022-07-23,region_2,True,21.00000000,3.00000000
accept,2022-07-23,region_3,True,50.00000000,3.00000000
accept,2022-07-23,region_4,True,77.00000000,4.00000000
accept,2022-07-24,region_1,True,55.00000000,3.00000000
accept,2022-07-24,region_2,True,21.00000000,3.00000000
accept,2022-07-24,region_3,True,69.00000000,3.00000000
accept,2022-07-24,region_4,True,93.00000000,4.00000000
accept,2022-07-25,region_1,True,77.00000000,3.00000000
accept,2022-07-25,region_2,True,24.00000000,3.00000000
accept,2022-07-25,region_3,True,67.00000000,3.00000000
accept,2022-07-25,region_4,True,95.00000000,4.00000000
accept,2022-07-26,region_1,True,80.00000000,3.00000000
accept,2022-07-26,region_2,True,28.00000000,3.00000000
accept,2022-07-26,region_3,True,65.00000000,3.00000000
accept,2022-07-26,region_4,True,92.00000000,4.00000000
accept,2022-07-27,region_1,True,113.00000000,3.00000000
accept,2022-07-27,region_2,True,42.00000000,4.00000000
accept,2022-07-27,region_3,True,85.00000000,3.00000000
accept,2022-07-27,region_4,True,103.00000000,4.00000000
accept,2022-07-28,region_1,True,83.00000000,3.00000000
accept,2022-07-28,region_2,True,39.00000000,2.00000000
accept,2022-07-28,region_3,True,31.00000000,2.00000000
accept,2022-07-28,region_4,True,77.00000000,4.00000000
accept,2022-07-29,region_1,True,44.00000000,3.00000000
accept,2022-07-29,region_2,True,27.00000000,3.00000000
accept,2022-07-29,region_3,True,59.00000000,3.00000000
accept,2022-07-29,region_4,True,89.00000000,4.00000000
accept,2022-07-30,region_1,True,85.00000000,3.00000000
accept,2022-07-30,region_2,True,25.00000000,3.00000000
accept,2022-07-30,region_3,True,59.00000000,3.00000000
accept,2022-07-30,region_4,True,107.00000000,4.00000000
accept,2022-07-31,region_1,True,79.00000000,4.00000000
accept,2022-07-31,region_2,True,23.00000000,3.00000000
accept,2022-07-31,region_3,True,49.00000000,3.00000000
accept,2022-07-31,region_4,True,87.00000000,4.00000000
accept,2022-08-01,region_1,True,70.00000000,3.00000000
accept,2022-08-01,region_2,True,31.00000000,3.00000000
accept,2022-08-01,region_3,True,64.00000000,3.00000000
accept,2022-08-01,region_4,True,74.00000000,4.00000000
accept,2022-08-02,region_1,True,81.00000000,4.00000000
accept,2022-08-02,region_2,True,18.00000000,3.00000000
accept,2022-08-02,region_3,True,38.00000000,3.00000000
accept,2022-08-02,region_4,True,85.00000000,4.00000000
accept,2022-08-03,region_1,True,90.00000000,4.00000000
accept,2022-08-03,region_2,True,27.00000000,3.00000000
accept,2022-08-03,region_3,True,72.00000000,3.00000000
accept,2022-08-03,region_4,True,93.00000000,4.00000000
accept,2022-08-04,region_1,True,70.00000000,4.00000000
accept,2022-08-04,region_2,True,26.00000000,3.00000000
accept,2022-08-04,region_3,True,48.00000000,3.00000000
accept,2022-08-04,region_4,True,87.00000000,4.00000000
accept,2022-08-05,region_1,True,50.00000000,3.00000000
accept,2022-08-05,region_2,True,14.00000000,3.00000000
accept,2022-08-05,region_3,True,40.00000000,4.00000000
accept,2022-08-05,region_4,True,62.00000000,4.00000000
accept,2022-08-06,region_1,True,70.00000000,3.00000000
accept,2022-08-06,region_2,True,12.00000000,2.00000000
accept,2022-08-06,region_3,True,40.00000000,3.00000000
accept,2022-08-06,region_4,True,62.00000000,4.00000000
accept,2022-08-07,region_1,True,58.00000000,3.00000000
accept,2022-08-07,region_2,True,19.00000000,3.00000000
accept,2022-08-07,region_3,True,31.00000000,3.00000000
accept,2022-08-07,region_4,True,72.00000000,4.00000000
accept,2022-08-08,region_1,True,88.00000000,3.00000000
accept,2022-08-08,region_2,True,38.00000000,2.00000000
accept,2022-08-08,region_3,True,71.00000000,3.00000000
accept,2022-08-08,region_4,True,94.00000000,4.00000000
accept,2022-08-09,region_1,True,83.00000000,3.00000000
accept,2022-08-09,region_2,True,25.00000000,3.00000000
accept,2022-08-09,region_3,True,50.00000000,3.00000000
accept,2022-08-09,region_4,True,87.00000000,4.00000000
accept,2022-08-10,region_1,True,129.00000000,3.00000000
accept,2022-08-10,region_2,True,38.00000000,3.00000000
accept,2022-08-10,region_3,True,74.00000000,3.00000000
accept,2022-08-10,region_4,True,142.00000000,4.00000000
accept,2022-08-11,region_1,True,123.00000000,3.00000000
accept,2022-08-11,region_2,True,40.00000000,3.00000000
accept,2022-08-11,region_3,True,101.00000000,3.00000000
accept,2022-08-11,region_4,True,117.00000000,4.00000000
accept,2022-08-12,region_1,True,126.00000000,3.00000000
accept,2022-08-12,region_2,True,34.00000000,3.00000000
accept,2022-08-12,region_3,True,71.00000000,3.00000000
accept,2022-08-12,region_4,True,130.00000000,4.00000000
accept,2022-08-13,region_1,True,119.00000000,3.00000000
accept,2022-08-13,region_2,True,30.00000000,3.00000000
accept,2022-08-13,region_3,True,82.00000000,3.00000000
accept,2022-08-13,region_4,True,105.00000000,4.00000000
accept,2022-08-14,region_1,True,114.00000000,3.00000000
accept,2022-08-14,region_2,True,31.00000000,3.00000000
accept,2022-08-14,region_3,True,63.00000000,4.00000000
accept,2022-08-14,region_4,True,104.00000000,4.00000000
accept,2022-08-15,region_1,True,63.00000000,3.00000000
accept,2022-08-15,region_2,True,23.00000000,3.00000000
accept,2022-08-15,region_3,True,54.00000000,3.00000000
accept,2022-08-15,region_4,True,88.00000000,4.00000000
accept,2022-08-16,region_1,True,74.00000000,3.00000000
accept,2022-08-16,region_2,True,34.00000000,3.00000000
accept,2022-08-16,region_3,True,56.00000000,3.00000000
accept,2022-08-16,region_4,True,119.00000000,4.00000000
accept,2022-08-17,region_1,True,49.00000000,3.00000000
accept,2022-08-17,region_2,True,22.00000000,3.00000000
accept,2022-08-17,region_3,True,49.00000000,3.00000000
accept,2022-08-17,region_4,True,90.00000000,5.00000000
accept,2022-08-18,region_1,True,63.00000000,3.00000000
accept,2022-08-18,region_2,True,17.00000000,3.00000000
accept,2022-08-18,region_3,True,55.00000000,3.00000000
accept,2022-08-18,region_4,True,80.00000000,4.00000000
accept,2022-08-19,region_1,True,70.00000000,3.00000000
accept,2022-08-19,region_2,True,25.00000000,3.00000000
accept,2022-08-19,region_3,True,70.00000000,3.00000000
accept,2022-08-19,region_4,True,101.00000000,4.00000000
accept,2022-08-20,region_1,True,80.00000000,3.00000000
accept,2022-08-20,region_2,True,26.00000000,2.00000000
accept,2022-08-20,region_3,True,59.00000000,3.00000000
accept,2022-08-20,region_4,True,104.00000000,5.00000000
accept,2022-08-21,region_1,True,72.00000000,3.00000000
accept,2022-08-21,region_2,True,29.00000000,2.00000000
accept,2022-08-21,region_3,True,64.00000000,3.00000000
accept,2022-08-21,region_4,True,108.00000000,4.00000000
accept,2022-08-22,region_1,True,76.00000000,3.00000000
accept,2022-08-22,region_2,True,30.00000000,2.00000000
accept,2022-08-22,region_3,True,65.00000000,3.00000000
accept,2022-08-22,region_4,True,116.00000000,4.00000000
accept,2022-08-23,region_1,True,71.00000000,3.00000000
accept,2022-08-23,region_2,True,20.00000000,2.00000000
accept,2022-08-23,region_3,True,60.00000000,3.00000000
accept,2022-08-23,region_4,True,99.00000000,4.00000000
accept,2022-08-24,region_1,True,76.00000000,3.00000000
accept,2022-08-24,region_2,True,29.00000000,2.00000000
accept,2022-08-24,region_3,True,76.00000000,3.00000000
accept,2022-08-24,region_4,True,100.00000000,4.00000000
accept,2022-08-25,region_1,True,78.00000000,3.00000000
accept,2022-08-25,region_2,True,25.00000000,2.00000000
accept,2022-08-25,region_3,True,68.00000000,3.00000000
accept,2022-08-25,region_4,True,84.00000000,4.00000000
accept,2022-08-26,region_1,True,73.00000000,3.00000000
accept,2022-08-26,region_2,True,32.00000000,2.00000000
accept,2022-08-26,region_3,True,62.00000000,3.00000000
accept,2022-08-26,region_4,True,102.00000000,4.00000000
accept,2022-08-27,region_1,True,88.00000000,3.00000000
accept,2022-08-27,region_2,True,29.00000000,2.00000000
accept,2022-08-27,region_3,True,72.00000000,3.00000000
accept,2022-08-27,region_4,True,113.00000000,5.00000000
accept,2022-08-28,region_1,True,83.00000000,3.00000000
accept,2022-08-28,region_2,True,22.00000000,2.00000000
accept,2022-08-28,region_3,True,52.00000000,3.00000000
accept,2022-08-28,region_4,True,116.00000000,4.00000000
accept,2022-08-29,region_1,True,62.00000000,3.00000000
accept,2022-08-29,region_2,True,24.00000000,2.00000000
accept,2022-08-29,region_3,True,90.00000000,3.00000000
accept,2022-08-29,region_4,True,102.00000000,5.00000000
accept,2022-08-30,region_1,True,76.00000000,3.00000000
accept,2022-08-30,region_2,True,27.00000000,2.00000000
accept,2022-08-30,region_3,True,73.00000000,3.00000000
accept,2022-08-30,region_4,True,96.00000000,4.00000000
accept,2022-08-31,region_1,True,71.00000000,3.00000000
accept,2022-08-31,region_2,True,30.00000000,2.00000000
accept,2022-08-31,region_3,True,102.00000000,4.00000000
accept,2022-08-31,region_4,True,110.00000000,4.00000000
accept,2022-09-01,region_1,True,81.00000000,3.00000000
accept,2022-09-01,region_2,True,27.00000000,2.00000000
accept,2022-09-01,region_3,True,70.00000000,4.00000000
accept,2022-09-01,region_4,True,105.00000000,4.00000000
accept,2022-09-02,region_1,True,87.00000000,3.00000000
accept,2022-09-02,region_2,True,19.00000000,2.00000000
accept,2022-09-02,region_3,True,86.00000000,4.00000000
accept,2022-09-02,region_4,True,129.00000000,4.00000000
accept,2022-09-03,region_1,True,85.00000000,3.00000000
accept,2022-09-03,region_2,True,27.00000000,2.00000000
accept,2022-09-03,region_3,True,68.00000000,4.00000000
accept,2022-09-03,region_4,True,54.00000000,4.00000000
accept,2022-09-04,region_1,True,63.00000000,3.00000000
accept,2022-09-04,region_2,True,23.00000000,2.00000000
accept,2022-09-04,region_3,True,63.00000000,4.00000000
accept,2022-09-04,region_4,True,75.00000000,4.00000000
accept,2022-09-05,region_1,True,68.00000000,3.00000000
accept,2022-09-05,region_2,True,16.00000000,2.00000000
accept,2022-09-05,region_3,True,76.00000000,4.00000000
accept,2022-09-05,region_4,True,74.00000000,5.00000000
accept,2022-09-06,region_1,True,83.00000000,3.00000000
accept,2022-09-06,region_2,True,36.00000000,2.00000000
accept,2022-09-06,region_3,True,83.00000000,4.00000000
accept,2022-09-06,region_4,True,96.00000000,4.00000000
accept,2022-09-07,region_1,True,60.00000000,3.00000000
accept,2022-09-07,region_2,True,14.00000000,2.00000000
accept,2022-09-07,region_3,True,80.00000000,4.00000000
accept,2022-09-07,region_4,True,75.00000000,4.00000000
accept,2022-09-08,region_1,True,81.00000000,3.00000000
accept,2022-09-08,region_2,True,24.00000000,2.00000000
accept,2022-09-08,region_3,True,66.00000000,4.00000000
accept,2022-09-08,region_4,True,62.00000000,4.00000000
accept,2022-09-09,region_1,True,76.00000000,3.00000000
accept,2022-09-09,region_2,True,30.00000000,3.00000000
accept,2022-09-09,region_3,True,81.00000000,4.00000000
accept,2022-09-09,region_4,True,97.00000000,4.00000000
accept,2022-09-10,region_1,True,60.00000000,3.00000000
accept,2022-09-10,region_2,True,16.00000000,2.00000000
accept,2022-09-10,region_3,True,61.00000000,4.00000000
accept,2022-09-10,region_4,True,73.00000000,4.00000000
accept,2022-09-11,region_1,True,75.00000000,3.00000000
accept,2022-09-11,region_2,True,26.00000000,2.00000000
accept,2022-09-11,region_3,True,89.00000000,4.00000000
accept,2022-09-11,region_4,True,87.00000000,4.00000000
accept,2022-09-12,region_1,True,69.00000000,3.00000000
accept,2022-09-12,region_2,True,26.00000000,3.00000000
accept,2022-09-12,region_3,True,55.00000000,4.00000000
accept,2022-09-12,region_4,True,81.00000000,4.00000000
accept,2022-09-13,region_1,True,48.00000000,3.00000000
accept,2022-09-13,region_2,True,24.00000000,2.00000000
accept,2022-09-13,region_3,True,61.00000000,4.00000000
accept,2022-09-13,region_4,True,80.00000000,4.00000000
accept,2022-09-14,region_1,True,76.00000000,3.00000000
accept,2022-09-14,region_2,True,31.00000000,3.00000000
accept,2022-09-14,region_3,True,81.00000000,3.00000000
accept,2022-09-14,region_4,True,80.00000000,5.00000000
accept,2022-09-15,region_1,True,70.00000000,3.00000000
accept,2022-09-15,region_2,True,30.00000000,3.00000000
accept,2022-09-15,region_3,True,51.00000000,3.00000000
accept,2022-09-15,region_4,True,93.00000000,4.00000000
accept,2022-09-16,region_1,True,60.00000000,3.00000000
accept,2022-09-16,region_2,True,29.00000000,2.00000000
accept,2022-09-16,region_3,True,64.00000000,3.00000000
accept,2022-09-16,region_4,True,90.00000000,5.00000000
accept,2022-09-17,region_1,True,65.00000000,3.00000000
accept,2022-09-17,region_2,True,34.00000000,2.00000000
accept,2022-09-17,region_3,True,61.00000000,3.00000000
accept,2022-09-17,region_4,True,92.00000000,5.00000000
accept,2022-09-18,region_1,True,74.00000000,3.00000000
accept,2022-09-18,region_2,True,24.00000000,3.00000000
accept,2022-09-18,region_3,True,59.00000000,3.00000000
accept,2022-09-18,region_4,True,74.00000000,4.00000000
accept,2022-09-19,region_1,True,59.00000000,3.00000000
accept,2022-09-19,region_2,True,31.00000000,2.00000000
accept,2022-09-19,region_3,True,56.00000000,3.00000000
accept,2022-09-19,region_4,True,78.00000000,4.00000000
accept,2022-09-20,region_1,True,58.00000000,3.00000000
accept,2022-09-20,region_2,True,25.00000000,3.00000000
accept,2022-09-20,region_3,True,61.00000000,3.00000000
accept,2022-09-20,region_4,True,70.00000000,5.00000000
accept,2022-09-21,region_1,True,73.00000000,3.00000000
accept,2022-09-21,region_2,True,30.00000000,3.00000000
accept,2022-09-21,region_3,True,71.00000000,3.00000000
accept,2022-09-21,region_4,True,104.00000000,4.00000000
accept,2022-09-22,region_1,True,73.00000000,3.00000000
accept,2022-09-22,region_2,True,28.00000000,2.00000000
accept,2022-09-22,region_3,True,60.00000000,3.00000000
accept,2022-09-22,region_4,True,91.00000000,5.00000000
accept,2022-09-23,region_1,True,78.00000000,3.00000000
accept,2022-09-23,region_2,True,2.00000000,1.00000000
accept,2022-09-23,region_3,True,71.00000000,3.00000000
accept,2022-09-23,region_4,True,93.00000000,4.00000000
accept,2022-09-24,region_1,True,67.00000000,2.00000000
accept,2022-09-24,region_2,True,19.00000000,3.00000000
accept,2022-09-24,region_3,True,84.00000000,3.00000000
accept,2022-09-24,region_4,True,105.00000000,4.00000000
accept,2022-09-25,region_1,True,68.00000000,3.00000000
accept,2022-09-25,region_2,True,14.00000000,2.00000000
accept,2022-09-25,region_3,True,68.00000000,3.00000000
accept,2022-09-25,region_4,True,94.00000000,5.00000000
accept,2022-09-26,region_1,True,30.00000000,2.00000000
accept,2022-09-26,region_2,True,13.00000000,3.00000000
accept,2022-09-26,region_3,True,70.00000000,3.00000000
accept,2022-09-26,region_4,True,79.00000000,5.00000000
accept,2022-09-27,region_1,True,79.00000000,4.00000000
accept,2022-09-27,region_2,True,26.00000000,3.00000000
accept,2022-09-27,region_3,True,65.00000000,3.00000000
accept,2022-09-27,region_4,True,82.00000000,5.00000000
accept,2022-09-28,region_1,True,75.00000000,3.00000000
accept,2022-09-28,region_2,True,20.00000000,2.00000000
accept,2022-09-28,region_3,True,76.00000000,3.00000000
accept,2022-09-28,region_4,True,90.00000000,4.00000000
accept,2022-09-29,region_1,True,50.00000000,3.00000000
accept,2022-09-29,region_2,True,16.00000000,2.00000000
accept,2022-09-29,region_3,True,77.00000000,3.00000000
accept,2022-09-29,region_4,True,88.00000000,6.00000000
accept,2022-09-30,region_1,True,39.00000000,2.00000000
accept,2022-09-30,region_2,True,18.00000000,3.00000000
accept,2022-09-30,region_3,True,73.00000000,3.00000000
accept,2022-09-30,region_4,True,92.00000000,4.00000000
accept,2022-10-01,region_1,True,77.00000000,3.00000000
accept,2022-10-01,region_2,True,14.00000000,1.00000000
accept,2022-10-01,region_3,True,64.00000000,3.00000000
accept,2022-10-01,region_4,True,82.00000000,5.00000000
accept,2022-10-02,region_1,True,24.00000000,2.00000000
accept,2022-10-02,region_2,True,7.00000000,1.00000000
accept,2022-10-02,region_3,True,79.00000000,4.00000000
accept,2022-10-02,region_4,True,45.00000000,6.00000000
accept,2022-10-03,region_1,True,18.00000000,2.00000000
accept,2022-10-03,region_2,True,3.00000000,1.00000000
accept,2022-10-03,region_3,True,12.00000000,1.00000000
accept,2022-10-03,region_4,True,1.00000000,1.00000000
accept,2022-10-04,region_1,True,22.00000000,2.00000000
accept,2022-10-04,region_2,True,10.00000000,1.00000000
accept,2022-10-04,region_3,True,16.00000000,1.00000000
accept,2022-10-04,region_4,True,1.00000000,1.00000000
accept,2022-10-05,region_1,True,27.00000000,2.00000000
accept,2022-10-05,region_2,True,17.00000000,1.00000000
accept,2022-10-05,region_3,True,22.00000000,1.00000000
accept,2022-10-05,region_4,True,1.00000000,1.00000000
accept,2022-10-06,region_1,True,26.00000000,2.00000000
accept,2022-10-06,region_2,True,8.00000000,1.00000000
accept,2022-10-06,region_3,True,21.00000000,1.00000000
accept,2022-10-06,region_4,True,0.00000000,0.00000000
accept,2022-10-07,region_1,True,22.00000000,2.00000000
accept,2022-10-07,region_2,True,20.00000000,1.00000000
accept,2022-10-07,region_3,True,16.00000000,1.00000000
accept,2022-10-07,region_4,True,2.00000000,2.00000000
accept,2022-10-08,region_1,True,29.00000000,2.00000000
accept,2022-10-08,region_2,True,6.00000000,1.00000000
accept,2022-10-08,region_3,True,14.00000000,1.00000000
accept,2022-10-08,region_4,True,1.00000000,1.00000000
accept,2022-10-09,region_1,False,,
accept,2022-10-09,region_2,False,,
accept,2022-10-09,region_3,False,,
accept,2022-10-09,region_4,False,,
accept,2022-10-10,region_1,True,25.00000000,2.00000000
accept,2022-10-10,region_2,True,13.00000000,1.00000000
accept,2022-10-10,region_3,True,18.00000000,1.00000000
accept,2022-10-10,region_4,True,0.00000000,0.00000000
accept,2022-10-11,region_1,True,14.00000000,2.00000000
accept,2022-10-11,region_2,True,8.00000000,1.00000000
accept,2022-10-11,region_3,True,13.00000000,1.00000000
accept,2022-10-11,region_4,True,0.00000000,0.00000000
accept,2022-10-12,region_1,True,24.00000000,2.00000000
accept,2022-10-12,region_2,True,11.00000000,1.00000000
accept,2022-10-12,region_3,True,22.00000000,1.00000000
accept,2022-10-12,region_4,True,0.00000000,0.00000000
accept,2022-10-13,region_1,True,22.00000000,2.00000000
accept,2022-10-13,region_2,True,2.00000000,1.00000000
accept,2022-10-13,region_3,True,15.00000000,1.00000000
accept,2022-10-13,region_4,True,0.00000000,0.00000000
accept,2022-10-14,region_1,True,28.00000000,2.00000000
accept,2022-10-14,region_2,True,4.00000000,1.00000000
accept,2022-10-14,region_3,True,16.00000000,1.00000000
accept,2022-10-14,region_4,True,1.00000000,1.00000000
accept,2022-10-15,region_1,True,22.00000000,2.00000000
accept,2022-10-15,region_2,True,5.00000000,1.00000000
accept,2022-10-15,region_3,True,10.00000000,1.00000000
accept,2022-10-15,region_4,True,1.00000000,1.00000000
accept,2022-10-16,region_1,True,16.00000000,2.00000000
accept,2022-10-16,region_2,True,2.00000000,1.00000000
accept,2022-10-16,region_3,True,10.00000000,1.00000000
accept,2022-10-16,region_4,True,0.00000000,0.00000000
accept,2022-10-17,region_1,True,26.00000000,2.00000000
accept,2022-10-17,region_2,True,12.00000000,1.00000000
accept,2022-10-17,region_3,True,14.00000000,1.00000000
accept,2022-10-17,region_4,True,0.00000000,0.00000000
accept,2022-10-18,region_1,True,0.00000000,0.00000000
accept,2022-10-18,region_2,True,0.00000000,0.00000000
accept,2022-10-18,region_3,True,6.00000000,1.00000000
accept,2022-10-18,region_4,True,0.00000000,0.00000000
accept,2022-10-19,region_1,True,1.00000000,1.00000000
accept,2022-10-19,region_2,True,2.00000000,1.00000000
accept,2022-10-19,region_3,True,3.00000000,1.00000000
accept,2022-10-19,region_4,True,0.00000000,0.00000000
accept,2022-10-20,region_1,True,0.00000000,0.00000000
accept,2022-10-20,region_2,True,0.00000000,0.00000000
accept,2022-10-20,region_3,True,1.00000000,1.00000000
accept,2022-10-20,region_4,True,0.00000000,0.00000000
accept,2022-10-21,region_1,True,1.00000000,1.00000000
accept,2022-10-21,region_2,True,5.00000000,1.00000000
accept,2022-10-21,region_3,True,4.00000000,1.00000000
accept,2022-10-21,region_4,True,1.00000000,1.00000000
accept,2022-10-22,region_1,True,1.00000000,1.00000000
accept,2022-10-22,region_2,True,1.00000000,1.00000000
accept,2022-10-22,region_3,True,0.00000000,0.00000000
accept,2022-10-22,region_4,True,0.00000000,0.00000000
accept,2022-10-23,region_1,False,,
accept,2022-10-23,region_2,False,,
accept,2022-10-23,region_3,False,,
accept,2022-10-23,region_4,False,,
accept,2022-10-24,region_1,False,,
accept,2022-10-24,region_2,False,,
accept,2022-10-24,region_3,False,,
accept,2022-10-24,region_4,False,,
accept,2022-10-25,region_1,False,,
accept,2022-10-25,region_2,False,,
accept,2022-10-25,region_3,False,,
accept,2022-10-25,region_4,False,,
accept,2022-10-26,region_1,True,0.00000000,0.00000000
accept,2022-10-26,region_2,True,1.00000000,1.00000000
accept,2022-10-26,region_3,True,0.00000000,0.00000000
accept,2022-10-26,region_4,True,0.00000000,0.00000000
accept,2022-10-27,region_1,False,,
accept,2022-10-27,region_2,False,,
accept,2022-10-27,region_3,False,,
accept,2022-10-27,region_4,False,,
accept,2022-10-28,region_1,True,0.00000000,0.00000000
accept,2022-10-28,region_2,True,1.00000000,1.00000000
accept,2022-10-28,region_3,True,0.00000000,0.00000000
accept,2022-10-28,region_4,True,0.00000000,0.00000000
